or_institutionCode,total,has_collectionCode,has_catalogNumber,has_preparations,has_scientificName,has_scientificNameID,has_acceptedNameUsage,has_identificationID,has_locality,has_higherGeography,has_continent,has_countryCode,has_stateProvince,has_county,has_decimalLatitude,has_decimalLongitude,has_coordinates,has_verbatimElevation,has_verbatimDepth,has_image,has_dateIdentified,has_identifiedBy,has_recordedBy,has_eventDate,has_recordNumber
MOR,103504,85840,103504,0,103504,0,0,0,95340,0,103302,103345,103092,101545,18063,18063,18063,615,0,58291,3089,16943,103063,101045,101338
UCSB,36816,36816,36816,46,36815,0,0,0,36804,0,36814,36814,36814,36814,17708,17708,17703,25631,0,28,8,6,36246,36410,33453
BLMMD,4700,4700,4700,0,4700,0,4631,0,4087,4557,3158,4552,3159,4546,3643,3643,1460,3515,0,2534,1,2949,4611,4500,1175
DEWV,10482,0,10482,0,10463,0,0,0,10456,0,10482,10482,10482,10476,5102,5102,5043,5135,0,0,12,2181,10470,10475,10023
Bartlet Arboretum,3765,3765,3765,0,3765,0,0,0,3070,0,2899,3636,3603,1923,1579,1579,1579,7,0,3729,126,135,3701,3710,1076
SC,3872,0,3872,0,3872,0,0,0,666,0,3797,3810,3794,2816,314,314,314,138,0,3515,664,665,672,590,628
GRCH,2325,2325,2325,0,2325,0,0,0,2251,0,2325,2325,2325,2314,1719,1719,1719,3,0,0,204,238,2305,2242,2236
UWL,7385,0,7385,0,7385,0,0,0,6904,0,7383,7384,7383,7345,7018,7018,7018,189,0,7381,7049,7054,7162,6992,7046
RMS,32469,0,32466,0,32469,0,0,0,18932,0,25921,26181,23424,12076,4755,4759,4755,3256,1,29818,396,16941,31534,31853,22965
MOVC,2607,0,0,0,2607,0,0,0,2529,0,2606,2607,2606,2450,2479,2479,2479,0,0,0,2,2,2401,2533,2059
NEBK,11186,0,11131,0,11186,0,0,0,10970,0,11033,11033,11046,10276,10,9,9,182,0,3971,1,2948,11038,10960,9227
INHS,57,57,57,56,57,0,0,0,55,0,55,55,54,42,50,50,50,7,0,0,2,7,1,50,0
UCR,420768,420767,154233,0,420768,0,0,0,420756,0,420421,420757,420635,411438,401062,401060,401028,145504,0,54,76936,86589,420768,154199,420718
GSW,13055,0,13055,1,13055,0,0,0,3512,0,13009,13024,12957,12365,1049,1049,1049,594,0,12871,71,113,3619,3547,3424
MWCF,5943,0,5943,0,5943,0,0,0,5445,0,5893,5908,5704,3082,1006,1006,1006,2308,19,2168,955,4106,5496,4684,403
ALBC,236,0,236,0,236,0,0,0,197,0,175,187,183,161,0,0,0,1,0,236,33,35,227,227,207
LA,17186,17186,17186,0,17186,0,0,0,16187,0,17186,17186,17186,17186,13547,13547,13547,9118,0,0,0,0,17186,16757,16432
PEMB,4475,0,4475,0,4475,0,0,0,3207,0,4469,4469,4469,4464,2033,2032,2032,77,0,4207,3397,3401,3429,3202,3208
EVE,1124,434,1124,0,1124,0,412,0,1114,432,1114,1118,1113,1031,379,379,379,586,0,247,27,708,1117,1084,841
DSUND,1431,0,1421,0,1431,0,0,0,193,0,1260,1316,1260,1039,949,949,949,3,0,5,36,1116,1206,1210,42
HCHM,4051,0,4051,0,4051,0,0,0,3908,0,3948,3948,3852,3502,4,4,4,11,0,3944,66,3424,3892,3709,3452
GMDRC,5498,5498,5498,0,5498,0,0,0,5496,0,5498,5498,5498,5498,5122,5122,5122,5436,0,5,5,5,5498,5495,5423
"SEL, CM",1,0,1,0,1,0,0,0,0,0,1,1,1,1,0,0,0,0,0,0,0,1,1,0,0
TTU,10,10,9,9,10,0,0,0,8,0,10,10,10,3,8,8,8,1,0,0,0,1,3,1,1
PSUC,19,19,19,1,19,0,0,0,2,0,4,4,4,2,6,6,6,0,0,0,1,4,10,8,0
GMS,8142,0,8141,0,8142,0,0,0,8141,0,8070,8101,8031,7797,8023,8023,8023,3,0,8005,0,0,8037,7877,7986
USFS,8337,8337,3294,0,8337,0,0,0,8074,0,8257,8260,8258,7857,6464,6463,6463,6579,0,149,2250,4693,8135,7860,6585
CLARK-A,7372,7372,7372,0,7372,0,0,0,7033,0,7372,7372,7372,7372,6513,6513,6513,3210,0,0,0,0,7333,7355,4250
RENO,105161,105161,105161,0,105161,0,0,0,104102,0,105130,105160,105144,104583,104350,104350,104344,73190,4,25443,24385,28635,105161,104054,104434
WJC,711,0,711,0,711,0,0,0,624,0,704,706,704,632,0,0,0,0,0,0,520,523,710,706,705
"SEL, MO",1,0,1,0,1,0,0,0,0,0,1,1,1,1,0,0,0,0,0,0,1,1,1,0,0
FLAS,175141,0,175140,101314,174817,0,0,0,63834,0,167692,167925,163152,135127,74616,74678,74490,8770,0,157143,7853,41337,168104,162604,118172
TAWES,4350,0,4350,0,4350,0,0,0,3184,0,4350,4350,4350,4225,2829,2829,2829,24,0,3219,65,65,4341,3191,3203
F,997457,997449,816389,0,997457,0,0,0,331506,654704,974638,960922,525975,251868,810985,810889,810813,0,0,749099,115582,172909,777074,408988,708559
NCZP,2665,0,1773,0,2665,0,0,0,2026,0,2662,2662,2633,2633,232,232,232,0,0,1579,993,993,2662,2587,2593
MCTC,13798,0,13798,0,13798,0,0,0,13086,0,13086,13101,11807,10096,6659,6658,6658,1664,0,13797,35,175,13677,13187,13657
FARM,47319,0,47315,0,47319,0,0,0,9,0,47319,47319,47319,250,4,4,4,1,0,46459,4,4,9,9,9
TAC,7312,0,7312,0,7312,0,0,0,7301,0,7270,7307,7268,7227,2744,2744,2744,63,1,7275,7044,7044,7312,7232,7301
MCZ,3344,3344,3344,3074,3344,0,0,0,2516,2509,2099,2351,1282,740,1927,1927,1925,0,0,0,293,3344,3344,515,0
SEINet,270,34,267,0,270,0,0,0,263,0,270,270,270,269,265,265,265,80,0,17,95,111,270,264,263
WFBM,4,4,4,0,4,0,0,0,4,0,4,4,0,0,4,4,4,0,0,4,0,0,4,4,0
RSA,334601,334601,334601,0,334601,0,0,0,334408,0,334601,334601,334601,334601,245274,245274,245273,227019,0,0,0,0,334564,331691,334553
DBG,91581,91581,85714,0,91581,0,0,0,84764,0,87925,88030,87270,81037,73942,73939,73936,52381,0,82778,12902,18405,89232,89156,65410
UAAH,13039,13039,13039,0,13039,0,12865,0,12381,13032,13027,13032,13017,3894,12355,12355,12355,10162,0,8611,3830,6186,12955,12982,10290
URV,2261,0,2261,0,2261,0,0,0,2246,0,2261,2261,2261,2248,262,262,262,377,0,2249,1845,1904,2260,2240,2257
KSTC,50877,50877,50822,0,50866,0,0,0,50498,0,48553,48547,48442,46889,22569,22569,22569,0,0,0,0,38196,50510,50221,44622
MASS,8723,0,8723,0,8723,0,0,0,8723,0,8505,8564,6569,2555,8558,8558,8558,134,0,8723,23,28,8712,7624,157
BBLM,4481,4481,4481,0,4481,0,4445,0,4084,4476,4349,4476,4348,4122,1227,1227,1227,3340,0,4155,257,1741,4472,4365,4463
WCUH,29877,5725,29876,0,29877,0,0,0,6697,0,29837,29837,29858,29590,3238,3239,3238,3599,0,22388,561,860,5666,6321,6497
PERTH,131,0,0,0,131,0,0,0,131,0,131,131,0,0,90,90,90,0,0,130,3,1,131,129,130
FLD,16890,0,16334,0,16889,0,0,0,16351,0,16724,16866,16717,16354,10759,10759,10759,9682,0,15731,420,2502,16520,16206,13170
PHw,1,0,1,0,1,0,0,0,1,0,1,1,1,1,0,0,0,0,0,1,0,0,1,1,1
ISTC,6830,0,0,0,6830,0,0,0,4197,0,4570,4890,4593,3,4,4,4,3,0,0,0,0,4936,4928,3
HAW,4189,4189,4189,0,4189,0,0,0,1657,0,2925,2938,2468,1655,1,1,1,2,0,4025,0,483,3398,1,4179
UARK,2727,0,2727,0,2727,0,0,0,2712,0,2509,2538,2362,1333,1171,1171,1171,85,0,2727,1503,2635,2710,2665,2652
LCDI,1397,0,1286,0,1397,0,0,0,1191,0,1393,1397,1393,1385,439,439,438,0,0,0,121,262,1396,1388,1300
TLU,6641,6641,0,0,6641,0,0,0,6605,0,6638,6639,6639,6639,6439,6440,6439,131,0,21,734,770,6637,6597,6604
UNLV,3143,0,3143,0,3143,0,0,0,3138,0,3140,3143,3126,2997,1603,1601,1601,2313,0,3143,1597,1682,3141,3134,3139
KSP,37970,216,32231,62,37970,0,0,0,36928,0,37925,37944,37372,36240,15217,15206,15206,9151,0,5584,2300,3544,37861,37272,36953
UF,20910,20910,20908,20907,20910,0,0,0,15352,20843,20693,20590,20576,19095,18224,18224,18223,0,0,1,0,0,19433,3876,0
PH 987012,1,0,1,0,1,0,0,0,1,0,1,1,1,1,0,0,0,0,0,1,0,0,1,1,1
MICH,706343,1,705841,10211,706343,0,0,0,586805,0,627391,639954,584579,396424,191746,191637,191632,50762,1,614301,33732,131178,667069,585632,630104
VSC,72641,68881,72640,0,72641,0,0,68881,11855,0,72433,72371,71395,69116,4426,4425,4425,139,0,72640,15668,32594,72633,72294,2966
HCOA,665,0,665,0,665,0,0,0,659,0,664,664,664,664,659,659,659,0,0,577,522,597,557,650,550
TLE,25440,0,25440,0,25440,0,0,0,24992,0,25064,25341,24597,14790,13951,13944,13944,16604,0,24017,21758,22265,25420,25138,24981
MUR,1,0,1,0,1,0,0,0,1,0,1,1,1,1,1,1,1,0,0,1,0,0,1,1,1
MSC,203786,179189,203715,179174,203786,0,0,0,198562,171246,195174,190026,154469,113615,33556,32149,32125,2957,0,24547,11046,11598,197717,192300,19547
PLU,7087,7087,7083,0,7087,0,7027,0,6982,7027,6998,7027,6998,6292,762,762,762,618,0,7031,405,1431,7036,6916,7040
SMU,1273,4,1273,0,1273,0,0,0,1183,0,1251,1254,1038,812,51,51,51,255,0,2,147,173,1265,1232,1245
"",1176,10,1176,1166,1176,0,0,0,1176,984,901,912,886,745,586,586,586,0,0,0,15,38,777,129,0
TU,67,67,67,0,67,0,0,0,0,0,67,54,44,18,46,46,46,0,0,0,0,0,67,0,0
ENMU,5170,0,5170,0,5170,0,0,0,5106,0,5170,5170,5170,4610,3,3,3,3987,0,1,30,30,5111,5113,4607
"SEL, FLAS",9,0,9,0,9,0,0,0,7,0,9,9,9,9,7,7,7,0,0,7,0,5,9,7,7
Wilton Garden Club,1222,1222,1222,1,1222,0,0,0,784,0,1204,1220,1204,1142,1020,1020,1020,0,0,1214,0,0,1213,1193,0
UMFK,46285,0,46285,0,46285,0,0,0,46280,0,46285,46285,46281,44357,747,747,747,0,0,0,0,46253,46284,46274,46280
UC,490499,260687,490494,0,490499,0,0,0,396043,0,407305,407887,399176,363088,263950,263896,263889,172647,4,220413,6432,18698,411497,399778,354620
NYS,43264,39805,43264,0,42739,0,0,0,42108,0,41184,41407,40445,36409,0,0,0,18064,0,0,0,0,36472,37130,33349
TENN,348967,513,348967,1,348967,0,0,0,116700,0,346106,346497,344862,311678,99463,99464,99457,28020,6,340916,14919,54184,120323,118118,87761
SFV,7201,7201,7201,0,7201,0,0,0,7189,0,7201,7201,7201,7201,5646,5646,5646,5721,0,0,0,0,7201,7184,7085
USU,167123,167123,166890,9,167122,0,0,0,151668,0,165695,166256,163384,147954,73051,73047,73045,35887,0,82807,59801,61853,162559,148814,145276
GVSC,3143,0,3143,0,3143,0,0,0,2894,0,2901,2901,2906,2812,522,522,522,0,0,3081,3015,3023,3091,2910,3044
NDA,8379,0,8379,0,8379,0,0,0,5162,0,8374,8379,8221,5007,1212,1212,1212,602,0,8379,5086,5114,5350,5340,5341
NDOA,1271,0,1271,0,1271,0,0,0,1220,0,1265,1266,1265,1268,10,10,10,122,0,1271,3,1115,1266,1251,1271
GH,517295,517295,517295,517170,517295,0,0,0,492432,508988,508988,501722,467521,294562,7636,7457,7446,49355,0,449934,71648,16362,514661,283286,225628
PAC,64239,0,64239,0,64239,0,0,0,29061,0,63821,64213,64151,30368,1652,1651,1651,2408,4,62067,168,252,31081,29137,29594
VMNH,70,70,70,0,70,0,0,0,70,70,70,70,70,70,39,39,39,0,0,69,0,54,57,46,0
IBE,13934,0,13934,0,13934,0,0,0,307,0,13807,13842,13816,13660,102,102,102,7,0,13573,1261,1611,13696,13292,12972
LSU,315798,315798,315796,1853,315793,0,0,0,190764,0,313393,314923,286183,269634,59923,59923,59923,5407,0,300147,76747,80969,301869,259353,294970
UVSC,15971,15566,15971,0,15971,0,0,0,15727,0,15968,15971,15918,15579,13577,13577,13577,11834,0,0,0,0,15968,15718,15753
SIM,24496,0,24496,0,24496,0,0,0,20697,0,23721,23928,23479,19335,15642,15642,15642,377,0,21949,6,30,24464,21115,21904
UHIM,10,10,10,0,10,0,0,0,0,0,10,10,10,10,0,0,0,0,0,10,0,0,10,10,0
UAMb,74307,74307,74307,73756,74307,0,0,0,74307,74307,73994,72976,66229,711,29603,29603,29603,0,0,56844,74291,74307,74307,74180,10
ARCH,4727,4727,4727,0,4727,0,0,0,4287,0,4718,4718,4717,4716,4,4,4,0,0,4290,429,679,4685,4284,3106
BUF,41035,41035,41035,0,41035,0,0,0,40887,41010,39908,39858,38156,34519,0,0,0,609,0,0,2394,4464,37389,36963,13785
UOMNH,10417,10417,10415,9174,9593,0,0,0,10329,0,9854,9047,8619,6298,1265,1265,1265,0,0,0,0,5995,8929,0,0
UCMP,61968,61968,61968,43777,60329,0,0,0,60278,0,60747,60605,59206,55618,13532,13532,13532,0,7034,914,0,0,32638,0,0
GMNH,113,113,103,113,113,0,0,0,113,0,113,113,113,113,100,100,100,0,0,0,0,0,113,113,113
POM,87555,87555,87555,0,87555,0,0,0,87417,0,87555,87555,87555,87555,60807,60807,60807,38457,0,0,0,0,87540,85769,87542
CHSC,74057,74057,74057,0,74057,0,0,0,73719,0,74057,74057,74057,74057,73217,73217,73217,65633,0,0,0,0,73820,73863,67572
University of Vermont,39226,39226,39226,0,39226,0,0,0,7918,0,39114,39226,39114,36682,34059,34058,34058,292,0,37036,1770,1857,16055,36665,11094
BEREA,25984,0,25984,0,25984,0,0,0,1983,0,25930,25935,25901,25737,14,14,14,6,0,23452,53,53,2017,1985,1942
WSP,76,0,76,0,76,0,0,0,75,0,76,76,72,20,76,76,76,0,0,75,0,0,76,76,76
NMNHI,60,0,0,0,60,0,0,0,60,0,60,60,60,60,13,13,13,56,0,0,19,60,60,60,59
KHD,1,1,1,0,1,0,0,0,1,0,1,1,1,1,0,0,0,1,0,1,0,0,1,1,1
UWM,7816,0,7816,0,7816,0,0,0,6170,0,7797,7805,7795,7348,6230,6230,6230,122,0,7544,6767,6775,7813,7247,7746
USUUB,6845,0,6839,0,6838,0,0,0,6492,0,6845,6845,6845,6753,6619,6619,6555,5768,0,0,6795,6800,6841,6821,6730
PUR,4,0,4,0,4,0,0,0,3,0,4,4,4,2,4,4,4,0,0,4,0,0,4,4,4
UNCA,7875,0,7875,0,7875,0,0,0,7382,0,7768,7866,7768,7698,3432,3432,3432,773,0,1,7865,7871,7818,7367,5002
SEL,6216,0,6216,0,6216,0,0,0,5866,0,6216,6216,6215,6189,5904,5904,5904,0,2,5906,1487,1688,6216,5886,5400
Boston University,10844,10844,10844,0,10844,0,0,0,4875,0,10488,10566,10443,9578,5785,5785,5785,392,1,10805,162,203,10194,9023,4856
USAM,621,0,621,0,621,0,0,0,580,0,599,600,600,580,588,588,588,1,0,607,0,7,548,529,607
HSU,1,1,1,1,1,0,0,0,0,0,0,0,0,0,0,0,0,0,0,0,0,0,1,0,0
ID,161840,153367,155824,0,161840,0,150340,0,157983,152991,160845,161150,160683,150109,111877,111876,111876,94041,0,151211,47222,54717,161648,160346,153074
UTEP,81047,81047,81047,81047,81047,0,0,0,81047,81047,81039,81019,80086,72980,34269,34269,34269,0,0,301,66439,81047,81045,81047,66923
UMMZ,150,150,150,149,150,0,0,0,148,0,147,143,74,38,27,27,27,0,0,0,0,0,129,38,0
CAS,841544,801101,841544,1551,841543,0,0,0,805344,584792,805229,804236,796197,724516,264047,263989,247404,472613,0,56144,162663,172367,840758,830778,839837
ASC,83587,1,80068,0,83587,0,0,0,81804,0,83556,83576,83473,82221,78540,78540,78539,65674,0,12,2766,27235,83562,81504,63372
ASU,383817,265204,240313,0,383817,0,0,0,366940,0,377334,380137,373991,272189,316641,316638,316634,112418,2,136704,47229,214348,379620,364161,353271
MISSA,28394,29,26759,0,28394,0,0,0,22978,0,27586,27885,27442,24687,19625,19627,19625,491,0,26231,866,935,25610,23555,17823
SDSM,1059,1059,1059,1057,1059,0,0,0,0,1041,1041,1041,1041,1020,0,0,0,0,0,0,0,0,0,61,0
Logan,3,3,3,0,3,0,0,0,0,0,3,3,3,3,0,0,0,0,0,3,0,0,0,0,0
HUNT,5633,0,5633,0,5633,0,0,0,163,0,5585,5631,5583,5469,120,120,120,0,0,5540,3,3,3614,3572,47
MUGM,19,19,19,19,19,0,0,0,19,19,19,19,19,19,19,19,19,0,0,0,0,0,18,18,0
MCA,51332,0,51332,0,51332,0,0,0,50389,0,51327,51327,51324,51027,50081,50081,50081,54,0,50505,5,5,51331,50416,50503
FH,229889,218166,229889,229663,229440,0,0,0,222946,217088,227633,224646,207469,117655,3741,3720,3717,2710,0,149169,6763,7302,227051,197591,116445
AMES,40080,40080,40080,40055,40080,0,0,0,37095,39418,39418,37998,25450,8201,855,851,846,10797,0,34206,9613,3390,39112,35096,30016
MBM,302860,302860,302860,0,295418,0,0,0,251582,0,298315,297156,245744,0,34371,34364,34357,0,0,0,62036,249956,302858,0,302856
CSU,2525,0,2101,0,2525,0,0,0,2385,0,2520,2524,2522,2425,1719,1719,1719,1,0,1587,0,1821,2259,2359,2353
UCSC,7348,7337,7338,0,7348,0,0,0,7270,0,7348,7348,7348,7342,4490,4490,4489,1591,0,1,0,0,7345,7065,7341
TAES,846,0,846,0,846,0,0,0,845,0,840,841,839,823,839,839,839,7,0,845,837,839,846,838,842
ILL,109602,0,109602,0,109602,0,0,0,18255,0,45670,46044,42153,23569,2483,2359,2359,2586,0,102512,2545,6274,33423,31292,32297
VT,326050,20651,326047,7,326050,0,0,0,48676,0,243416,318155,163119,86522,131709,131702,131697,9285,8,318696,16837,22580,84586,118802,67903
MAINE,13106,972,13106,0,13106,0,0,0,12514,0,13061,13103,13040,9427,9705,9705,9705,2543,0,65,4847,10955,12913,12129,11348
SUU,5849,0,5686,0,5849,0,0,0,5233,0,5539,5602,5535,4746,1289,1289,1289,2358,0,1014,5534,5568,5619,5468,3251
YPM,290977,290977,290977,7012,290977,0,0,0,154019,180126,218472,219956,212245,168550,193839,193752,193751,12502,11,194254,5253,14569,205493,166084,71202
WIS,574322,2,572242,52,574322,0,0,0,512880,0,561930,566553,540796,420560,187245,187171,187164,69429,8,493892,192185,204992,565926,515356,565362
UAM,201751,201751,201751,201641,201751,0,0,0,201751,201751,132514,127096,131892,1083,123700,123700,123700,0,0,172410,199314,201751,201747,196112,685
UWBM,19,19,19,0,19,0,0,0,19,19,19,19,19,17,16,16,16,0,0,0,0,0,13,8,0
UTC,2620,2620,2620,0,2620,0,0,0,2559,0,2611,2619,2386,2101,1252,1252,1252,81,0,2,234,267,2618,2398,1508
AMNH,5704,5400,5703,0,5407,0,0,0,4517,0,5043,5094,3632,1904,399,399,360,37,0,613,2098,2639,2457,286,0
MO,4751824,4751824,4751824,0,4751824,0,0,0,4502616,0,4721221,4601456,4407593,2412583,3169647,3169622,3169594,0,0,329365,2570627,2963048,4751799,1,4751821
VCU,18873,0,18873,0,18873,0,0,0,0,0,18851,18854,18864,10097,0,0,0,0,0,18574,96,96,0,0,0
JOTR,4358,4358,4358,0,4358,0,0,0,4358,0,4358,4358,4358,4358,4275,4275,4275,4149,0,0,0,0,4357,4357,4358
SRP,96021,73253,84879,0,96021,0,69605,0,82611,73032,83266,84185,82935,76597,58754,58753,58753,67850,0,80953,13291,33521,84163,83916,82817
BRU,15730,0,15730,0,15730,0,0,0,5889,0,13732,14130,12638,8268,14457,14457,14457,9,0,15703,2,193,14522,11527,198
MARY,57763,0,53661,0,57763,0,0,0,51111,0,57413,57649,57098,54163,49233,49232,49232,5756,33,47785,843,928,53646,50572,51733
FSU,169992,84315,169992,0,169990,0,0,0,73863,0,167469,167644,153152,142312,73176,73176,73167,16,0,154657,2005,0,90030,89616,89179
WEWO,1903,0,1903,0,1903,0,0,0,1804,0,1903,1903,1903,1901,1696,1696,1696,0,0,1802,1901,1901,1903,1804,1796
SAU,4472,0,0,0,4472,0,0,0,4263,0,4209,4359,4309,4101,4164,4164,4164,9,0,0,174,255,3188,4290,281
SYRF,6991,0,6991,0,6986,0,0,0,5767,0,6154,6194,5012,1885,5,5,5,612,0,6885,84,2155,6348,6099,6915
CalBG,542859,542859,160957,542777,542859,0,0,0,538874,0,542741,542859,542231,519806,154114,154111,154108,0,0,87163,0,0,542786,533515,538781
EPHR,1746,0,1745,0,1746,0,0,0,1697,0,1727,1735,1728,1686,9,9,9,403,0,0,40,44,1743,1694,1334
AVCH,2730,0,2730,0,2730,0,0,0,0,0,2727,2728,2730,2019,0,0,0,0,0,2165,17,17,0,0,0
BING,19758,0,19758,0,19758,0,0,0,11033,0,11794,11841,11090,7631,5082,5081,5081,4142,0,18925,7846,10283,11347,10951,11092
MSUNH,1384,0,1303,0,1384,0,0,0,1283,0,1281,1331,1286,1070,31,31,31,3,0,0,478,646,1342,1342,473
HBSH,2921,0,2921,0,2921,0,0,0,611,0,2914,2915,2915,2895,307,307,307,141,0,2690,682,682,703,612,616
NPS,2021,2021,2021,0,2021,0,0,0,1999,0,2020,2020,2020,2019,1992,1992,1992,0,0,0,37,37,2021,1989,1999
NAVA,13547,0,13313,0,13547,0,0,0,3264,0,13538,13545,13538,13537,3104,3104,3104,2541,0,2791,1117,2547,13533,3254,3021
BRY,43699,10,43699,0,43699,0,0,0,43343,0,43140,43303,43304,39224,29433,29433,29433,34458,0,39060,4,37546,43537,43432,39885
MISS,79446,0,76426,0,79446,0,0,0,78273,0,79343,79413,79249,78914,24134,24129,24128,98,0,75598,3431,3821,79434,77741,78574
FHKSC,552,0,0,0,552,0,0,0,140,0,177,184,178,158,1,1,1,0,0,0,95,133,243,171,0
VPI,64917,1,63192,758,64797,0,0,0,10969,0,64343,64344,64351,27114,3269,3269,3231,973,0,57074,355,5467,11605,10855,8986
DMNS,12,12,12,12,12,0,0,0,12,12,12,12,9,8,9,9,9,0,0,0,11,12,12,12,0
USMS,18293,0,17668,0,18293,0,0,0,17160,0,17978,17978,17977,16482,10297,10296,10296,254,0,16429,899,1245,16066,15076,15015
US,3334413,3334413,3050662,24849,3334412,0,0,0,3075399,3329522,3306845,3258612,2619783,448508,548438,548438,548432,21379,16052,2562382,0,462807,3322096,0,3309983
SOC,18452,18452,18452,0,18452,0,18334,0,17847,18452,18414,18432,18447,18393,1407,1407,1407,10401,0,16855,9340,17909,18452,18334,18452
NCSLG,4773,0,0,0,4766,0,0,0,4710,0,4703,4703,4701,4692,618,618,617,0,0,0,0,4743,4717,4767,0
CMC,22276,1815,22275,0,22276,0,0,0,20730,0,21338,21737,21281,20103,5723,5723,5723,694,0,20016,10603,10953,20767,20055,20261
UD,62,62,62,0,62,0,0,0,31,0,62,62,62,62,62,62,62,0,0,0,62,62,55,62,0
MESA,6522,0,6463,0,6504,0,0,0,6253,0,6516,6520,6518,6262,5047,5047,5047,4063,0,5993,37,204,6460,6019,6350
Yale Peabody Museum of Natural History,82636,82636,82636,0,82636,0,0,0,25914,0,81496,81950,81447,66064,33675,33674,33674,6,0,73643,668,670,80922,65886,24158
MWI,42367,0,42367,0,42367,0,0,0,40152,0,42077,42092,40783,40184,3987,3986,3986,3374,0,0,42344,42364,42366,41946,35490
PSM,11848,11848,11848,0,11848,0,11675,0,11533,11848,11710,11717,11712,11113,10232,10232,10232,959,0,11518,2,2,11651,11755,11774
NHI,9087,0,9000,0,9087,0,0,0,6513,0,6872,6872,6871,6724,3918,3918,3918,8366,1,8948,3515,3709,6900,8857,3060
ENLC,6070,3,5700,0,6070,0,0,0,5939,0,6070,6070,6070,5946,5768,5768,5768,4528,0,314,3691,4967,6069,5968,5383
WET,4425,0,0,0,4425,0,0,0,3152,0,4279,4295,4279,4233,3120,3120,3120,152,0,0,24,32,4227,4203,867
BHSC,17115,17115,17115,0,17115,0,0,0,17054,0,17114,17115,17115,17115,9669,9668,9668,10211,0,17008,3772,4181,17115,17054,17053
WWB,4962,0,4962,0,4962,0,0,0,0,0,0,0,0,0,0,0,0,0,0,0,0,0,0,0,0
SFSU,34336,0,34318,0,34336,0,0,0,26138,0,27101,27120,26910,21419,21786,21786,21786,981,0,33545,1116,26209,34269,33219,33673
Westfield State University,11031,11031,11031,0,11031,0,0,0,0,0,10984,10984,10984,11004,0,0,0,0,0,10516,0,0,11020,10929,0
WGC,5002,0,5002,0,5002,0,0,0,4966,0,4990,4991,4990,4988,0,0,0,0,0,4963,0,0,5002,4939,0
UNM,126369,126369,119496,122365,126369,0,0,0,122437,3,125632,125865,126241,126059,74734,74750,74730,76999,0,115096,32994,45330,126195,121650,122336
MACF,247,247,247,0,247,0,0,0,246,0,247,247,247,247,101,101,101,156,0,0,0,0,247,247,213
WFU,156,0,125,58,156,0,0,0,151,0,155,155,155,154,150,150,150,148,0,122,2,151,156,152,152
AASU,5061,0,5061,5061,5061,0,0,0,5008,0,5056,5056,5056,5023,4,4,4,0,0,5013,0,0,5008,4969,5013
ECON,5244,5244,5244,5244,5244,0,0,0,5116,5239,5239,5196,4965,3086,47,47,47,453,0,4587,446,220,5198,3795,1923
JEPS,109684,109684,109684,0,109684,0,0,0,109173,0,109684,109684,109684,109684,90935,90935,90934,71065,0,0,0,0,109671,108813,97307
DAV,111498,109549,111498,0,111498,0,0,0,111384,0,110541,110861,110453,101763,28764,28752,28724,4026,0,1948,93,47536,110906,1780,109637
NMSU,1,1,1,0,1,0,0,0,1,0,1,1,0,0,0,0,0,1,0,0,1,1,1,1,0
CM,499117,499117,499117,13,499110,0,0,0,482629,7,487861,489540,460358,384651,255395,255393,255393,131755,0,115883,5,237128,493432,474019,479722
CIC,47948,47948,47704,0,47948,0,47410,0,45966,47441,47197,47425,47201,44879,25335,25335,25335,34707,0,44946,17119,32751,47852,47145,46529
WVA,12153,0,12153,0,12153,0,0,0,958,0,11721,11749,11701,1067,13,13,13,14,0,12152,12,15,4559,1404,454
UCLA,690,690,690,0,690,0,0,0,654,0,690,690,690,690,492,492,492,159,0,0,0,0,690,653,323
NHA,85208,0,85208,0,85208,0,0,0,85102,0,84104,85064,84055,76391,85087,85087,85087,12467,34,84706,3233,3488,85095,82882,1851
A,179102,179102,179102,179045,179102,0,0,0,161777,173265,173265,169999,156611,89057,19479,19376,19369,15982,0,108861,23835,9408,178213,124956,124135
REED,5484,5484,5456,0,5484,0,5376,0,5304,5438,5418,5437,5423,4919,1805,1805,1805,1988,0,4865,678,930,5442,5346,5411
JTP,1,0,1,0,1,0,0,0,1,0,1,1,1,1,1,1,1,0,0,0,0,0,1,1,0
SWRS,1676,0,1676,0,1676,0,0,0,1655,0,1674,1676,1674,1664,1,1,1,1131,0,0,1635,1669,1675,1652,790
CONV,6436,0,6436,0,6436,0,0,0,0,0,6315,6315,6316,6232,0,0,0,0,0,6122,0,0,0,0,0
BDI,18526,0,0,0,18526,0,0,0,14730,0,16068,17219,15638,14372,13665,13665,13665,103,0,0,1380,1762,16662,14361,1443
LACM,363,363,363,328,363,0,0,0,361,363,363,363,363,357,357,357,357,0,0,17,149,363,357,197,0
UConn,155695,155695,155694,0,155695,0,0,0,143429,145284,152345,152708,151663,139568,136491,136427,136411,32822,1059,150277,4054,5308,151968,153899,97352
EDOBLM,1412,0,1412,0,1412,0,0,0,1374,0,1411,1411,1411,1408,1386,1386,1386,887,0,0,558,1242,1411,1383,875
BYU,5,5,5,4,5,0,0,0,5,5,5,5,5,5,4,4,4,0,0,0,0,0,5,5,0
SIU,6785,0,6785,0,6785,0,0,0,6723,0,6757,6768,6740,4849,415,409,409,1291,0,6785,398,2838,6770,4770,6541
GUAM,3,3,3,0,3,0,0,0,2,0,1,1,0,0,3,3,3,0,0,0,0,0,3,3,2
GAS,40708,0,40708,40694,40708,0,0,0,38982,0,39471,39504,39356,38328,7266,7266,7265,0,0,19583,0,0,38409,38828,39961
ALAJ,8670,0,8670,0,8670,0,0,0,8571,0,1195,1196,1170,62,8249,8249,8249,0,0,8666,5946,8540,1143,8577,0
KANU,1184,1184,1184,1183,1184,0,0,0,1178,0,1124,1160,1088,542,1181,1181,1181,0,0,0,0,0,0,0,0
GEO,21071,21070,21071,0,21071,0,0,0,20538,0,19882,19934,20654,20375,3620,3601,3596,0,0,18843,0,0,20648,20164,15811
NCSM,2062,2062,2062,2062,1012,0,0,0,0,0,2050,2050,2048,1989,0,0,0,0,0,0,1589,1791,1895,0,0
UWSP,77920,53180,77920,0,77920,0,0,0,60019,0,77780,77827,77767,76939,50064,50049,50049,745,0,53372,8907,12717,77718,75937,75376
PGM,7591,7591,7591,0,7591,0,0,0,7591,0,7591,7591,7591,7591,3140,3140,3140,44,0,0,0,0,7589,7587,2169
DUKE,437220,0,436501,0,437220,0,0,0,286860,0,429675,433908,420910,302998,154456,154434,154339,91840,0,144786,26313,143667,287546,278220,280275
PRC,211145,211145,211145,0,211145,0,0,0,209256,0,211143,211143,211143,211145,38382,38382,38382,0,0,128493,5,210205,211141,207180,211133
OMNH,5,5,5,0,5,0,0,0,0,0,5,5,5,5,0,0,0,0,0,0,0,0,0,0,0
SD,127440,127440,127440,0,127440,0,0,0,127197,0,127440,127440,127440,127440,114930,114930,114930,90971,0,0,0,0,127437,126953,127440
SNM,29141,0,29129,0,29141,0,0,0,28531,0,29116,29140,29096,28417,8915,8915,8913,16719,1,0,15682,15731,29077,28411,13770
CMNH,138,138,138,138,138,0,0,0,80,0,125,115,113,109,0,0,0,0,0,0,0,0,87,0,0
NCU,514297,262,514197,0,514297,0,0,0,235265,0,506498,507936,502299,470936,118828,118822,118822,10675,8,472905,153611,159074,252877,233242,234598
MDKY,10278,0,10278,0,10278,0,0,0,0,0,10275,10275,10275,10266,0,0,0,0,0,9336,0,0,0,0,0
ALA,78961,0,78961,73439,78961,0,0,0,34366,0,75302,77622,70767,1203,33306,33305,33305,101,0,44733,76716,77836,78960,78857,51352
YM-YOSE,9204,9204,9204,0,9204,0,0,0,9105,0,9204,9204,9204,9204,6094,6094,6094,6688,0,0,0,0,9180,8759,7474
WASH,848,179,848,0,848,0,0,0,201,0,695,805,695,481,213,213,213,0,0,0,3,3,766,746,1
WTU,374277,374277,364243,0,374277,0,336934,0,368596,370840,366735,370042,366038,300344,281591,281591,281590,140677,0,136486,123357,189275,374236,368000,372897
"C.A. Triplehorn Insect Collection, Ohio State University, Columbus, OH (OSUC)",1,1,1,0,1,1,0,0,1,0,1,1,1,1,1,1,1,0,0,0,1,0,1,1,0
USNM,80796,80796,80795,47418,80787,0,0,0,16722,30317,24087,24361,20626,6677,5585,5585,5585,0,6,4999,0,36870,13608,0,521
BPBM,431733,431733,431733,2,431733,0,0,0,424060,318947,416816,418110,287132,2925,89410,89614,89149,200019,23892,1,233738,279032,427902,393743,406415
ARIZ,35225,2,35224,0,35225,0,0,0,30722,0,31647,31754,30525,21455,2,2,2,6,0,14287,1088,31858,31860,31697,21760
KNK,23479,0,23479,0,23479,0,0,0,23083,0,23411,23411,23423,22881,972,971,971,0,0,19120,0,4737,12798,11970,12520
TROY,14534,0,14534,14534,14534,0,0,0,14534,0,14533,14534,14533,14534,4971,4971,4971,0,0,14534,0,0,14533,0,14144
BRFC,623,623,623,0,623,0,0,0,623,0,623,623,623,623,431,431,431,0,0,0,0,0,623,623,0
IRVC,5672,5672,5672,0,5672,0,0,0,5662,0,5672,5672,5672,5672,4943,4943,4943,5672,0,0,0,0,5668,5647,5324
"SEL,AMES",1,0,1,0,1,0,0,0,0,0,1,1,1,1,0,0,0,0,0,0,1,1,1,0,0
USF,245244,228106,245244,0,245189,0,0,228106,233979,227892,242860,243692,236450,198128,52833,52713,52700,39955,0,243615,94533,109888,245116,241471,231448
University of New Hampshire,86144,86144,86144,0,86144,0,0,0,34388,0,85920,86136,85920,82837,65,65,65,43,0,84560,836,836,85250,84581,45184
MONT,53266,44770,53222,0,53266,0,44112,0,52300,44510,52938,53003,52919,51298,40100,40100,40096,21252,0,52582,24117,27679,53069,51425,52841
Central Connecticut State University,1785,1785,1785,0,1785,0,0,0,831,0,1769,1770,1769,1260,0,0,0,0,0,1784,50,1120,1771,1731,1604
PH,583477,2,583477,3,583477,0,0,0,395418,0,574170,576972,562222,400575,182295,182235,182218,35256,12,546919,18044,32235,440038,415304,418388
UCHT,43994,1,42811,0,43994,0,0,0,7071,0,43494,43519,43402,38509,614,614,614,64,0,37842,745,806,9174,8797,5063
BDWR,3999,0,3999,0,3999,0,0,0,0,0,3866,3866,3950,3874,0,0,0,0,0,3922,0,0,0,0,0
CATA,2832,2832,2832,0,2832,0,0,0,2832,0,2832,2832,2832,2832,1475,1475,1475,2642,0,0,0,0,2827,2829,2753
USU-UTC,25,25,25,0,25,0,0,0,25,0,25,25,25,25,25,25,25,0,0,25,25,25,25,25,25
KU,399396,399396,399388,75657,399396,0,0,0,391505,391092,391218,381483,368551,339483,296828,296830,296814,98957,0,0,0,251200,377257,329847,0
NY,4053391,4053390,4053391,4016995,4053382,0,0,0,2551321,0,2817124,2795295,2473549,1583274,1568024,1568014,1567956,1033208,0,3139956,636542,849759,2829595,2626833,2731529
TTRS,10505,10505,10505,0,10505,0,0,0,10383,0,10494,10505,10494,10471,10459,10459,10459,0,0,10043,0,0,10445,507,10308
MIN,559885,559885,557993,136358,559885,0,0,0,401233,0,477501,481382,461682,385503,282758,282494,282489,13371,2,327900,30290,34785,470128,418832,458204
NCSC,105548,40082,105514,1344,105548,0,0,0,40390,0,103015,104104,102762,89145,3731,3731,3731,8200,0,98384,2746,718,43833,39864,41024
FTG,540,0,540,0,540,0,0,0,539,0,540,540,540,539,539,539,539,13,0,538,9,131,539,518,510
CRMO,2649,2649,2649,0,2649,0,2624,0,2628,2644,2636,2644,2637,2074,586,586,586,1978,0,2631,2004,2502,2648,2619,2643
OS,49574,30340,49572,0,49574,0,0,0,3664,0,43208,48554,43025,38000,25440,25440,25440,264,0,47647,3451,9227,40561,35565,32933
MU,157591,12,157591,0,157591,0,0,0,72612,0,115114,117287,100051,45377,33781,33762,33759,20236,0,149462,21528,28288,120923,112962,101830
CNC,8,0,8,0,8,0,0,0,8,0,8,8,8,8,8,8,8,0,0,0,6,8,8,8,0
COLO,339401,288737,339401,0,339401,0,0,0,230195,0,337689,338372,331790,259264,122751,122708,122705,137498,2,335737,90342,96629,282829,235881,256569
EKY,80796,0,77206,0,80796,0,0,0,75654,0,80686,80783,80443,79450,2819,2821,2819,1377,0,74604,12685,14065,80161,76639,72270
SDSU,34519,34519,33587,0,34519,0,0,0,33292,0,34496,34517,34355,34011,19359,19360,19359,14887,0,2,17634,17675,34267,33918,30413
MEM,15958,0,15957,0,15958,0,0,0,33,0,15855,15930,15868,15750,16,16,16,0,0,0,113,113,15958,15539,15567
CSUSB,2003,2003,2003,0,2003,0,0,0,1976,0,2003,2003,2003,2003,1407,1407,1407,1468,0,0,0,0,2003,1941,868
BPI,747457,0,747457,0,710997,0,0,0,692318,0,688118,692342,431916,27695,0,0,0,0,0,0,0,379319,703856,671363,142046
EMC,9445,0,8845,0,9445,0,0,0,8609,0,9171,9224,8956,6785,2063,2061,2061,602,0,8540,1118,3232,9105,8652,7511
NLU,10589,0,10588,0,10589,0,0,0,10418,0,10520,10550,9750,9023,333,333,333,125,0,9575,622,660,10582,10428,10450
RHNM,6,0,6,0,6,0,0,0,6,0,6,6,6,6,6,6,6,6,0,6,5,5,6,6,6
NCSU,4,0,4,0,4,0,0,0,4,0,4,4,4,4,0,0,0,0,0,0,4,4,4,4,0
CHRB,97127,0,97124,0,97127,0,0,0,39244,0,73510,78313,69078,43554,4902,4904,4902,4108,4,85595,10362,11771,52965,47792,41684
UNA,2394,0,2394,0,2394,0,0,0,2388,0,1300,2377,1294,980,2229,2229,2229,1,0,2363,490,525,2394,2302,1705
SALK,998,0,998,0,998,0,0,0,646,0,990,998,990,990,639,639,639,423,0,921,468,652,653,656,0
UCM,230,230,230,211,230,0,0,0,211,211,223,223,223,217,14,14,14,0,0,0,214,215,217,212,78
BOIS,10727,10727,7949,0,10727,0,10659,0,10434,10581,10295,10547,10328,8188,702,702,702,6861,0,7367,1760,6801,10688,10059,7914
KIRI,7173,0,7173,0,7173,0,0,0,7173,0,5799,5841,5455,1898,5820,6957,5820,108,0,7173,0,2,7148,4894,1
ISC,102308,0,98502,0,102308,0,0,0,54567,0,80937,81431,79293,62959,34973,34968,34968,1737,1,53218,8479,25328,77500,75134,68180
USCH,115441,110565,72664,0,115441,0,0,0,106620,0,112770,112852,113239,107115,30290,30281,30278,977,0,66636,2154,109326,114116,104196,90662
Brown,73606,73606,73606,0,73606,0,0,0,45235,0,68639,69129,58796,25723,3506,3506,3506,0,0,70787,0,0,61331,53788,25574
BUT,48717,43804,48716,0,48717,0,0,43804,46592,0,48569,48621,47834,7104,2937,2936,2936,349,0,47936,552,4391,48635,45422,37363
CUP,71997,43,71995,92,67951,0,0,0,55545,0,59543,61589,54510,43550,917,919,917,88,0,17617,3373,31228,60292,53589,8374
ETSU,27258,6,23805,0,27258,0,0,0,11131,0,26496,26499,26658,25832,3508,3508,3508,49,0,17568,70,193,12314,11382,3357
CAU,5559,0,5559,0,5559,0,0,0,3508,0,5534,5557,5526,5339,3156,3156,3156,45,0,4874,297,320,3554,3488,3386
SENEY,741,0,741,0,741,0,0,0,734,0,728,730,728,722,0,0,0,10,0,734,283,283,741,693,734
DES,91254,1,88617,0,91254,0,0,0,87984,0,90385,90455,89604,76166,86786,86785,86783,58587,0,78080,12654,19273,91227,87311,81713
PUL,2,0,2,0,2,0,0,0,0,0,2,2,2,1,2,2,2,0,0,2,0,0,2,2,2
OMA,18989,0,18989,0,18989,0,0,0,18926,0,18310,18579,18383,14318,5248,5248,5248,0,0,0,0,0,18967,18829,16716
HWBA,636,0,634,0,636,0,0,0,557,0,616,620,618,600,224,226,224,0,0,2,64,88,622,610,562
PRI,747,747,747,0,729,0,0,0,747,734,734,734,718,521,195,195,195,0,0,2,2,20,196,12,0
"PT: SEL, USF",1,0,1,0,1,0,0,0,1,0,1,1,1,1,1,1,1,0,0,1,0,0,1,1,1
CDA,24115,24115,24115,0,24115,0,0,0,23900,0,24115,24115,24115,24115,16902,16902,16902,13322,0,0,0,0,24113,24093,20459
LEDLIE,1402,0,0,0,1402,0,0,0,1402,0,1402,1402,1402,1401,1,1,1,1364,0,0,0,1402,1402,1395,1402
SCFS,1000,1000,1000,0,1000,0,0,0,999,0,1000,1000,1000,1000,922,922,922,987,0,0,0,0,998,992,994
TEX,1,1,1,0,1,0,0,0,1,0,1,1,1,1,0,0,0,1,0,1,1,1,1,1,1
HUDC,8740,0,8740,0,8740,0,0,0,4944,0,8348,8462,7916,5104,4164,4165,4164,250,0,8657,23,77,5704,5379,5429
Harvard University,21323,21323,21323,21323,20843,0,0,0,21298,0,20930,21035,20035,12899,1,1,1,3,0,11163,17,13,21301,19857,20311
KAIB,19,0,0,0,19,0,0,0,1,0,19,19,19,19,1,1,1,1,0,0,0,0,19,1,1
OBI,46093,44971,45767,0,46093,0,0,0,45897,0,46052,46053,46052,46044,24774,24773,24772,16154,0,1009,226,417,46040,45702,42774
University of Massachusetts,93292,93292,93292,93273,93292,0,0,0,90272,0,91780,91878,91792,90446,77734,77787,77734,0,0,86888,0,0,92001,86389,0
NEB,48000,0,48000,0,48000,0,0,0,25003,0,43271,43832,38909,18707,23388,23385,23385,6602,0,47920,9013,14514,42170,40048,29790
CINC,41880,0,41879,0,41880,0,0,0,32488,0,41179,41434,38142,22171,1198,1201,1198,10959,4,41734,13730,17562,36446,33590,34825
KE,15242,0,14973,15237,15242,0,0,0,15242,0,15218,15221,14517,14256,7645,7409,7365,0,0,0,0,0,15241,15138,13391
FHL,3508,3508,3508,0,3508,0,2659,0,3508,3473,3459,3473,3427,2835,3406,3406,3406,0,0,3505,952,2492,3508,3293,3508
UVA,213,213,213,213,213,0,0,0,213,0,213,213,0,0,22,24,22,0,0,213,0,0,213,199,0
NEBC,240417,240417,240417,240412,240417,0,0,0,233893,240390,240390,240389,240338,194405,227,226,226,172,0,231270,6903,5064,240274,231866,91233
IDS,61878,60263,61246,0,61878,0,58962,0,61117,60112,61289,61446,60314,57002,25570,25569,25569,30919,0,60512,57454,59367,61838,60894,61843
Western Connecticut State University,6010,6010,6008,1409,6010,0,0,0,1981,0,5732,5766,5927,3744,3855,3854,3854,14,0,4466,20,27,5936,5856,5307
NMC,1,1,1,0,1,0,0,0,1,0,1,1,1,1,1,1,1,1,0,0,0,0,1,1,1
DS,118417,118417,118417,0,118417,0,0,0,118417,0,118417,118417,118417,118417,73217,73217,73217,44258,0,0,0,0,118417,116188,118355
USFS/BHSC,3689,3689,3689,0,3689,0,0,0,3651,0,3689,3689,3689,3689,3616,3616,3616,3645,0,3615,65,65,3689,3651,3651
OSC,82451,7,82451,0,79267,0,0,0,82024,0,80308,80757,79202,63730,35356,35334,35289,24655,0,9744,6320,6207,79499,65945,44911
CLEMS,82668,0,82227,0,82668,0,0,0,46200,0,82478,82632,82445,79742,1496,1496,1496,1092,0,76878,1698,49613,50083,46534,39550
WCW,10999,10999,10999,0,10999,0,10813,0,10797,10850,10677,10794,10731,9677,916,916,906,7037,0,10873,1925,2246,10921,10687,10894
APCR,1456,0,1456,0,1456,0,0,0,46,0,1456,1456,1456,1455,46,46,46,0,0,0,0,0,82,46,46
MSB,43,43,43,43,43,0,0,0,43,43,43,43,43,38,36,36,36,0,0,21,41,43,43,43,4
ILLS,333142,2745,114867,0,333142,0,0,0,310541,0,332075,332304,329150,316672,79337,79337,79337,18424,0,69291,395,16680,332522,308945,292110
MNA,38924,18,38758,0,38924,0,0,0,38039,0,38338,38852,38328,37544,30508,30508,30508,25271,0,4630,13181,30344,38439,32342,26753
HJAEF,1064,1064,1064,0,1064,0,1060,0,1056,1064,1064,1064,1064,1029,916,916,916,913,0,964,607,756,1064,1010,1064
CSCA,69,0,69,0,69,0,0,0,69,0,69,69,69,69,69,69,69,30,0,0,37,66,69,69,0
FMNH,23389,23389,23388,0,23389,0,0,0,0,23388,23324,23298,23283,8229,0,0,0,0,0,7253,0,16551,1913,0,0
RMBL,9504,0,8988,0,9504,0,0,0,9440,0,9504,9504,9504,9504,9423,9423,9423,8885,0,8002,9168,9363,9504,9440,9434
BLMAR,647,647,647,0,647,0,0,0,647,0,647,647,647,647,268,268,268,551,0,0,0,0,644,647,647
VDBBRIT,1,1,1,0,1,0,0,0,1,0,1,1,1,0,0,0,0,0,0,0,1,1,1,1,1
BOON,16112,0,15261,4,16112,0,0,0,5539,0,15892,15953,15743,15156,3589,3588,3588,235,0,11412,198,696,5878,5592,3531
MOAR,25978,0,25109,6,25978,0,0,0,21282,0,23010,23018,23220,22671,21172,21172,21172,329,0,23335,73,161,23126,21425,21143
HLSD,3545,0,3545,0,3545,0,0,0,376,0,2446,2458,2345,176,15,15,15,1,0,3521,165,1635,2715,2361,1164
CALVIN,4825,0,4825,0,4825,0,0,0,4689,0,4758,4760,4766,4662,0,0,0,0,0,4643,0,0,4825,4662,4785
YUO,183,0,183,0,183,0,0,0,183,0,182,183,181,161,155,155,155,0,0,183,0,0,183,170,183
GA,270239,0,270239,0,270239,0,0,0,244949,0,263123,263213,254088,241631,9860,9860,9860,86,0,265877,23,32,103169,102189,102668
JMUH,5062,0,5062,0,5062,0,0,0,4830,0,4797,4797,4781,4682,778,778,778,0,0,4647,0,0,4838,4803,4192
JROH,4747,4747,4747,0,4747,0,0,0,4747,0,4747,4747,4747,4747,3688,3688,3688,649,0,0,0,0,4747,4735,4747
BALT,27702,0,18618,0,27702,0,0,0,26516,0,27527,27566,26242,24445,171,265,170,425,2,15829,6613,11886,26973,26084,25113
HPC,26596,0,26596,0,26596,0,0,0,13037,0,26487,26575,26571,26202,2588,2589,2588,3,0,4915,195,206,26542,26364,25396
HPSU,15893,15893,15893,0,15893,0,15789,0,15475,15813,15771,15808,15779,14339,6730,6730,6717,7804,0,12836,4649,9482,15826,15598,15807
DEK,5390,0,5387,0,5390,0,0,0,5082,0,5340,5358,5214,4784,5119,5120,5119,807,1,5224,1124,1364,5276,5186,4203
USCS,17844,0,17844,0,17844,0,0,0,13,0,17836,17844,17836,17819,0,0,0,0,0,17434,0,0,19,13,12
EIU,31623,13,19686,0,31621,0,0,0,30439,0,31245,31347,31101,29685,16445,16444,16444,5451,0,18571,12923,16235,31482,30890,29628
SCIR,1296,0,1296,0,1296,0,0,0,1270,0,1273,1273,1273,1271,1271,1270,1270,388,0,1277,65,54,1291,1270,1249
ODU,16131,0,16131,0,16131,0,0,0,13343,0,16076,16085,15989,13244,1105,1105,1105,816,0,14807,1846,2197,13612,12904,12526
UCD,102124,102124,102124,0,102124,0,0,0,101980,0,102124,102124,102124,102124,68001,68001,68001,56138,0,0,0,0,101946,100088,100782
SAPCL,258,0,258,0,258,0,0,0,253,0,239,239,239,237,116,116,116,0,0,0,247,249,256,230,255
University of Rhode Island,12556,12556,12556,0,12556,0,0,0,6539,0,9939,10571,9918,5328,3141,3141,3141,1,0,12367,198,240,10038,10230,2084
Colgate University,3094,3094,3094,0,3094,0,0,0,2743,0,3062,3076,3011,2234,50,50,50,136,0,0,46,186,3008,2702,2792
UWFP,21517,0,21517,0,21517,0,0,0,8650,0,21281,21282,21281,8868,304,304,304,11,0,20689,0,0,8918,8382,7861
TENN-F,67625,0,67625,0,67625,0,0,0,64609,0,66038,67612,66773,61910,66561,66565,66560,646,1,14077,1517,3689,66514,66183,66418
SACT,2522,2522,2522,0,2522,0,0,0,1965,0,2522,2522,2522,2522,2102,2102,2102,1541,0,0,0,0,2478,2495,0
IND,157860,0,157571,0,157860,0,0,0,152402,0,157501,157824,154182,142471,137848,137841,137840,15563,3,152911,36646,37819,157783,151300,151492
"SEL, USF",61,0,61,0,61,0,0,0,61,0,61,61,61,61,61,61,61,0,0,61,0,0,61,61,61
DMNH,57,57,57,57,57,0,0,0,57,0,42,47,44,38,0,0,0,0,0,0,0,0,10,3,0
?,1,0,0,0,1,0,0,0,1,0,1,1,1,1,1,1,1,1,0,0,0,0,1,1,1
USFWS,5180,5180,5180,4973,5180,0,0,0,5083,0,5180,5180,5180,5180,5084,5084,5084,5039,9,4655,4771,4947,5180,5084,5084
FTU,19359,0,19359,0,19359,0,0,0,1529,0,18013,18032,18001,1546,1528,1528,1528,131,0,18930,211,895,1529,1443,764
AWC,1745,0,1680,0,1743,0,0,0,1671,0,1725,1725,1725,1721,1272,1271,1271,929,0,1638,75,222,1743,1715,1679
CHAS,152,152,152,152,152,0,0,0,152,152,152,152,152,152,52,52,52,0,0,33,66,152,152,152,134
DOV,52904,0,52904,0,52904,0,0,0,48480,0,52503,52517,52501,50669,4688,4688,4688,359,0,49183,210,258,52187,48014,48419
UNAF,4878,0,3153,0,4878,0,0,0,4843,0,4871,4875,4849,4591,2375,2375,2375,3152,0,2379,2328,2378,4869,4838,4826
SBBG,132162,99909,131767,0,132162,0,0,0,131639,0,131546,131805,131033,127171,92516,92516,92516,61427,0,0,12138,15379,131867,130536,101754
BRIT,141883,15916,138800,395,141883,0,0,0,75277,0,141058,141291,137180,112808,65263,65261,65260,17362,20,65030,23213,27376,128658,125596,126934
Deaccessioned,2,0,0,0,2,0,0,0,2,0,2,2,2,2,2,2,2,0,0,0,0,0,2,2,2
AUA,28127,0,28127,0,28127,0,0,0,27898,0,28060,28062,3357,27650,1637,1637,1637,1775,0,27820,2944,3017,27927,3235,3262
WSTC,1019,1019,1019,0,1019,0,1014,0,1011,1006,1005,1006,1005,942,6,6,6,85,0,1013,183,183,1018,981,1018
WNC,6625,0,6625,0,6625,0,0,0,6599,0,6443,6622,6436,5217,6560,6560,6560,3,0,6599,6415,6469,6625,6584,6599
SJSU,10115,10115,10115,0,10115,0,0,0,10103,0,10115,10115,10115,10115,5497,5497,5496,6211,0,0,0,0,10115,10114,7404
UWEC,1675,0,1675,0,1675,0,0,0,1279,0,1671,1674,1666,1487,152,152,152,85,0,1675,1182,1492,1672,1659,1549
Keene State University,11861,11861,11861,0,11861,0,0,0,864,0,10090,10123,9931,9209,0,0,0,0,0,11473,86,86,9786,9165,6165
Connecituct College,1067,1067,1067,0,1067,0,0,0,574,0,921,924,919,811,0,0,0,0,0,1064,164,164,959,919,549
JFBM,12,12,12,0,12,0,0,0,12,0,12,12,12,12,8,8,8,0,0,0,0,0,12,12,0
ECUH,5178,0,5178,0,5178,0,0,0,50,0,5090,5137,5092,5073,38,38,38,3,0,4806,98,98,58,50,50
MOT,2488,0,2488,0,2488,0,0,0,2488,0,2344,2484,2418,2051,2487,2487,2487,23,0,2488,1,4,2482,2428,0
RM,6129,6,6129,0,6129,0,0,0,9,0,6112,6125,6035,10,3,3,3,5,0,6124,5,5,10,10,9
CONN,3977,0,3977,0,3977,0,0,0,3772,0,3902,3933,3797,2693,3922,3922,3922,29,0,3770,1,1,3887,3682,563
VDB,171263,3931,171256,0,171263,0,0,0,33397,0,85176,171167,84721,38139,3805,3805,3805,4315,16,158265,137673,141912,35173,33470,33585
BHO,4900,0,4900,0,4900,0,0,0,2933,0,4890,4896,4890,3190,1,1,1,18,0,4811,668,725,3224,3150,3165
LINF,3569,3569,3569,0,3569,0,3547,0,3514,3528,3526,3528,3526,3506,255,255,255,1171,0,3479,242,199,3568,3520,3569
UHM,1519,1519,1519,0,1519,0,0,0,1418,0,1487,1488,1395,989,1460,1460,1460,342,0,644,534,1055,1392,1368,1422
HSC,74762,71139,74762,3247,74762,0,0,0,73783,0,74727,74730,74724,74708,43849,43848,43848,51278,0,3623,1,3182,74587,74134,66323
UNCC,10595,10372,10595,0,10595,0,0,0,9501,0,10555,10555,10465,10316,2185,2185,2185,29,0,9289,558,558,10593,9486,451
MSUB,10744,0,10744,0,10744,0,0,0,9007,0,10026,10656,10035,8231,3,3,3,1236,0,0,6,3252,9261,9515,7265
BLM,3781,3781,3655,0,3781,0,0,0,3338,0,3610,3610,3612,3526,1419,1419,1419,864,0,748,505,808,3655,3471,2097
NULL,1,1,1,0,1,0,0,0,1,0,1,1,1,1,1,1,1,0,0,1,0,0,1,1,1
MUHW,41571,0,41082,53,41571,0,0,0,17259,0,40141,40171,40098,38879,1193,1193,1193,3148,3,39882,5402,7980,18008,16838,15850
PASA,2394,2394,2394,0,2394,0,0,0,2363,0,2394,2394,2394,2394,906,906,906,474,0,0,0,0,2017,2273,375
EWU,7919,7919,7918,0,7919,0,7757,0,7806,7853,7788,7806,7749,7522,7107,7107,7107,4017,0,7672,644,1352,7917,7713,7913
MONTU,66087,64735,66079,0,66087,0,64420,0,63725,64705,66006,66029,66014,65175,64761,64761,64761,42912,0,58363,57058,57524,65995,65473,66019
VVC,2515,2515,2515,0,2515,0,0,0,2480,0,2515,2515,2515,2515,2424,2424,2424,2268,0,0,0,0,2482,2481,2474
UT,71860,71860,71856,2,71860,0,0,0,15743,0,71114,71370,70334,68052,8955,8953,8952,10803,30,71164,5708,6248,16381,16074,14872
University of Maine,44772,44772,44772,0,44772,0,0,0,28285,0,44729,44729,44730,42775,30048,30048,30048,7,0,37513,7590,9414,43634,39426,28299
LSUM,14555,14555,14555,0,14555,0,0,0,14209,0,14248,14336,11488,5167,13766,13766,13766,565,0,14467,456,5491,14398,14338,14326
GMUF,38862,38862,38861,0,38862,0,0,0,36183,0,38814,38857,38841,36841,1541,1541,1541,1433,0,37262,1425,2419,36728,36301,35969
CORT,5336,0,5336,0,5166,0,0,0,5245,0,5323,5335,5333,5302,713,693,683,0,0,0,0,414,5336,5326,5322
CBG,68,0,68,0,68,0,0,0,68,0,68,68,0,0,68,68,68,0,0,68,68,24,68,68,0
University of Colorado Herbarium,21,21,21,0,21,0,0,0,1,0,10,10,10,9,0,0,0,1,0,21,0,0,3,1,15
VALE,5060,5060,5060,0,5060,0,5025,0,4711,5053,5024,5053,5048,5026,3294,3294,3294,4501,0,4720,96,4172,5058,4960,5054
MIL,3155,0,3155,0,3155,0,0,0,2806,0,2978,3035,2948,2065,533,533,533,495,0,0,380,2064,3151,3129,2343
