institutionCode,total,has_collectionCode,has_catalogNumber,has_scientificName,has_acceptedNameUsage,has_locality,has_countryCode,has_coordinates,has_image,has_dateIdentified,has_identifiedBy,has_recordedBy,has_eventDate
ncsc,76822,40092,76787,76822,0,40046,75360,3415,71478,2471,429,43317,39451
usms,18291,0,17666,18291,0,17168,17976,10297,16436,882,1228,16064,15078
colo,314618,263954,314618,314618,0,215714,313956,88170,299783,88265,94232,266799,221863
wva,12153,0,12153,12153,0,958,11749,13,12152,12,15,4559,1404
cicimar-ipn,3350,3350,3350,3350,3051,3350,3275,3275,0,0,3350,3350,3275
ephr,1746,0,1745,1746,0,1695,1735,9,0,40,44,1743,1692
calvin,4825,0,4825,4825,0,4692,4760,0,4646,0,0,4825,4664
nmnhi,60,0,0,60,0,59,60,12,0,19,60,60,59
calcofi-sio-ucsd,5,5,5,5,5,5,5,5,0,0,5,5,5
ld,914579,914579,914579,914579,0,914566,913203,873205,0,0,0,912413,0
tle,25440,0,25440,25440,0,24992,25341,13944,24017,21758,22265,25420,25138
universidade regional integrada do alto uruguai e das missões,10705,10705,10705,8431,0,3219,1290,0,0,1763,4904,10663,0
aua,28127,0,28127,28127,0,27898,28062,1637,27820,2944,3017,27927,3235
cib-uv,9476,9476,9476,9476,7846,9476,9474,9418,0,0,9476,9476,9476
farm,47030,0,47026,47030,0,9,46859,4,39443,4,4,9,9
una,2394,0,2394,2394,0,2388,2377,2229,2363,490,525,2394,2302
trh,381726,381726,381726,381726,0,381716,381332,320139,131838,333790,381471,381700,0
hchm,4051,0,4051,4051,0,3907,3948,4,3943,66,3424,3892,3709
connecituct college,1067,1067,1067,1067,0,574,924,0,1064,164,164,959,919
csiro,196,196,196,196,0,0,192,194,0,0,0,0,196
awi,1,1,1,1,1,1,1,1,0,0,1,1,1
pu,3,3,3,3,3,3,3,3,0,0,3,3,3
wis,504031,1,503933,504031,0,482420,501443,170331,383541,181553,192409,501590,474434
fa-uanl,75,75,75,75,75,75,75,75,0,0,75,75,75
omnh,5,5,5,5,0,0,5,0,0,0,0,0,0
usuub,6845,0,6839,6838,0,6492,6845,6555,0,6795,6800,6841,6821
usch,104983,104539,58685,104983,0,99001,102575,21042,55202,671,103066,103787,94129
ftu,19346,0,19346,19346,0,1529,18025,1528,18923,211,895,1529,1443
univasf,23798,23798,23798,23768,0,23798,1,20712,0,21412,21428,23798,0
usfs/bhsc,341,0,341,341,0,340,341,340,303,2,2,341,340
us,3178979,3178979,2907734,3178978,0,2925066,3112641,529671,2366710,0,450893,3166866,0
nava,12737,0,12609,12737,0,2634,12733,2092,2059,931,2262,12723,2619
cata,2832,2832,2832,2832,0,2832,2832,1475,0,0,0,2827,2829
"pt: sel, usf",1,0,1,1,0,1,1,1,1,0,0,1,1
usf,241732,224594,241732,241732,0,230628,240202,51993,240103,93564,108846,241606,237998
ne,73797,73797,73797,73797,0,72777,73692,69749,0,71148,73797,60076,72870
reno,102497,102497,102497,102497,0,101202,102494,80194,22247,20753,25112,102497,101302
nhmo,1,1,1,1,0,0,0,0,0,0,0,0,0
mdky,10278,0,10278,10278,0,0,10275,0,9337,0,0,0,0
clt,1,1,1,1,0,0,0,0,1,0,0,0,0
ufmt,19321,19321,19321,18413,0,18232,19,6243,0,9405,9686,19321,0
pac,30167,0,30167,30167,0,5042,30149,128,28702,113,165,5433,5105
uesb,14238,14238,14238,10332,0,13472,0,10399,0,5983,5781,14238,0
unesc,11344,11344,11344,11095,0,8065,4,8926,0,4109,8240,9671,0
ufrb,24062,24062,24062,20001,0,21612,4,11349,0,6880,7772,24014,0
enlc,6059,3,5317,6059,0,5931,6059,5758,289,3600,4907,6058,5961
wet,4421,0,0,4421,0,3150,4292,3119,0,24,32,4224,4201
universidade federal de santa catarina,60814,60814,60814,58342,0,56129,357,16418,0,22539,43339,60800,0
pnfm,9488,9488,9488,7421,0,9072,58,8386,0,6751,6821,9488,0
jmuh,5062,0,5062,5062,0,4838,4797,784,4654,0,0,4838,4811
fafnr-czu,50,50,50,50,43,50,0,0,0,0,50,50,0
sbml-ars-usda,2,2,2,2,2,2,2,1,0,0,2,2,2
ucmp,61968,61968,61968,60329,0,60278,60605,13532,914,0,0,32638,0
fca-uaem,7370,7370,7370,7370,7340,7370,312,302,0,0,7370,7370,7367
nt,1,1,1,1,0,1,0,1,0,0,0,0,0
geo,14856,14856,14856,14856,0,13449,12664,2591,9796,0,0,14519,14331
movc,2572,0,0,2572,0,2499,2572,2449,0,2,2,2369,2504
uaa,304,304,304,304,304,304,304,304,0,0,304,304,304
fitecma-umsnh,38,38,38,38,38,38,38,1,0,0,38,38,36
haw,4189,4189,4189,4189,0,1657,2938,1,4025,0,483,3398,1
bfri,68,68,68,68,56,68,67,0,0,0,68,68,0
bnhm-ucb,16,16,16,16,16,16,16,16,0,0,16,16,16
ujat,12129,12129,12129,12129,11439,12129,12128,4978,0,0,12122,12129,12034
mca,51316,0,51316,51316,0,50430,51311,13492,50545,5,5,51315,50544
museu de ciências naturais - fundação zoobotânica do rio grande do sul,39861,39861,39861,38238,0,36558,487,4336,0,18735,24905,39704,0
jroh,4747,4747,4747,4747,0,4747,4747,3688,0,0,0,4747,4735
funed,4858,4858,4858,4501,0,4799,0,2090,0,0,0,1942,0
seney,741,0,741,741,0,734,730,0,734,283,283,741,693
pri,729,729,729,714,0,729,716,70,0,1,15,194,12
ypm,276902,276902,276902,276902,0,143726,207471,181658,179160,5171,14375,193725,159384
bartlet arboretum,3765,3765,3765,3765,0,3070,3636,1579,3729,126,135,3701,3710
universidade federal da bahia,114001,114001,114001,111380,0,103342,648,81525,0,71163,75295,113999,0
nczp,2343,0,1451,2343,0,1423,2323,1,1271,14,14,2340,2282
bhsc,1603,0,1603,1603,0,1603,1603,1474,1572,11,11,1603,1603
udeo,9,9,9,9,9,9,9,9,0,0,9,9,9
cihs-uacam,11165,11165,11165,11165,11127,11165,11165,11165,0,0,11165,11165,11139
mass,8723,0,8723,8723,0,8723,8564,8558,8723,23,28,8712,7624
"universidade federal da paraíba, ufpb",7056,7056,7056,6118,0,4434,12,465,0,2651,2918,3165,0
seinet,268,33,266,268,0,261,268,263,15,93,108,268,262
uhm,1519,1519,1519,1519,0,1418,1488,1460,644,534,1055,1392,1368
fhsm,1,1,1,0,0,1,1,0,1,0,1,1,0
bing,19758,0,19758,19758,0,11033,11841,5081,18925,7846,10283,11347,10951
ufsj,10576,10576,10576,9998,0,9934,17,5542,0,5966,6193,10576,0
guam,4748,4748,4748,4748,0,4747,3861,4470,2694,4745,4636,4653,4717
utfpr,6137,6137,6137,5856,0,5591,1,3201,0,5226,5497,6137,0
fcm-uabc,1665,1665,1665,1665,1654,1665,1665,1665,0,0,1665,1665,1665
cbg,68,0,68,68,0,68,68,68,68,68,24,68,68
ihne,19150,19150,19150,19150,19072,19150,19150,17397,0,0,19150,19150,19145
suu,5713,0,5637,5713,0,5100,5469,1160,1015,5402,5436,5485,5334
mel,880163,880163,880163,880163,0,870738,876273,770099,0,470012,518924,874521,728677
vpi,33599,1,31874,33479,0,6110,33599,3133,19835,257,5367,6131,6067
avch,2111,0,2111,2111,0,0,2111,0,1071,0,0,0,0
ummz,128,128,128,128,0,128,124,22,0,0,0,128,38
uhim,10,10,10,10,0,0,10,0,10,0,0,10,10
udesc,7385,7385,7385,7191,0,5224,0,460,0,1458,6021,7335,0
hlsd,3542,0,3542,3542,0,379,2456,15,3520,165,1633,2712,2360
ufsm,10674,10674,10674,10246,0,6513,30,580,0,4922,9536,10649,0
tu,107,107,107,107,39,40,54,46,0,0,40,107,1
ad-c,9,9,9,9,0,9,9,9,0,8,9,9,9
vdb,156135,3927,156132,156135,0,11623,156126,632,152624,139719,140987,12458,11667
duke,416536,0,415815,416536,0,281719,413328,147593,75854,26047,141601,282310,273304
arch,4723,4723,4723,4723,0,4285,4714,4,4288,429,679,4681,4282
sbt,5446,5446,5446,5446,0,279,4497,0,0,538,4684,5194,0
ledlie,1402,0,0,1402,0,1402,1402,1,0,0,1402,1402,1395
qvmag,45,45,45,45,0,45,45,25,0,0,0,0,0
dewv,10482,0,10482,10463,0,10456,10482,5043,0,12,2181,10470,10475
plu,7087,7087,7083,7087,7028,6971,7027,770,7020,405,1431,7036,6916
rm,6129,6,6129,6129,0,9,6125,3,6124,5,5,10,10
tlu,5389,5389,0,5389,0,5362,5388,5254,0,142,167,5389,5360
nmnh-si,583,583,583,583,583,583,581,538,0,0,583,583,569
msc,203786,179189,203715,203786,0,198562,190026,32125,24547,11046,11598,197717,192300
soc,18227,18227,18227,18227,18094,17633,18207,1315,16755,9001,17673,18227,18111
iea-uat,3988,3988,3988,3988,3107,3988,3988,3980,0,0,3988,3988,3988
igl-unam,6905,6905,6905,6905,5355,6905,6843,3439,0,0,6905,6905,1155
tac,2096,0,2096,2096,0,1749,2085,385,0,1913,1925,2083,2052
harvard university,21323,21323,21323,20843,0,21298,21035,1,11163,17,13,21301,19857
scir,1296,0,1296,1296,0,1275,1273,1275,1282,65,54,1291,1275
ibe,13908,0,13908,13908,0,243,13816,23,13556,1235,1585,13670,13268
fundação universidade federal de mato grosso do sul (ufms),65914,65914,65914,63846,0,56263,1014,39575,0,35575,40693,65724,0
memorial university of newfoundland,1739,1739,1739,1739,0,1684,1381,443,0,273,998,1713,1697
salk,500,0,500,500,0,472,500,466,475,468,473,499,478
mctc,13798,0,13798,13798,0,13086,13101,6658,13797,35,175,13677,13187
cib-uaem,568,568,568,568,524,568,568,566,0,0,568,568,568
msunh,1384,0,1303,1384,0,1283,1331,31,0,478,646,1342,1342
inecol,182125,182125,182125,182125,170283,182125,181321,164499,0,0,182116,182125,180305
ind,153492,138,153414,153492,0,131246,151775,44738,147638,33333,34430,142991,140136
gas,35404,0,35404,35404,0,33916,34422,5434,14687,0,0,33300,33848
pontifícia universidade católica do rio de janeiro,7216,7216,7216,6992,0,5145,27,1337,0,2824,4501,7157,0
melu,12938,12938,12938,12938,0,12884,12880,11436,0,3255,4838,11988,11163
nda,8379,0,8379,8379,0,5162,8379,1212,8379,5086,5114,5350,5340
ncsm,1852,1852,1852,1162,0,1765,1850,3,0,1406,1294,1703,0
uncc,9590,9590,9590,9590,0,8550,9555,1726,6987,119,119,9589,8533
jotr,4358,4358,4358,4358,0,4358,4358,4275,0,0,0,4357,4357
jtp,1,0,1,1,0,1,1,1,0,0,0,1,1
ucht,43163,1,42101,43163,0,6837,42684,33,9947,687,745,9007,8642
"escola superior de agricultura luiz de queiroz, esalq",143300,143300,143300,123930,0,48764,2710,20920,0,55144,79454,133056,0
cmn,165827,165827,165827,165827,0,136128,163378,119997,49537,63569,92891,148535,147693
uaah,11201,11201,11201,11201,11033,10568,11194,10508,6800,3644,4471,11113,11144
sfv,7201,7201,7201,7201,0,7189,7201,5646,0,0,0,7201,7184
mu,145035,0,145035,145035,0,61103,104997,23070,139464,21475,25463,108354,101304
cenargen,108834,108834,108834,107141,0,106281,10395,70325,0,45429,86991,108834,0
sjsu,10115,10115,10115,10115,0,10103,10115,5496,0,0,0,10115,10114
sau,4472,0,0,4472,0,4266,4359,4167,0,174,255,3188,4293
amnh,5704,5400,5703,5407,0,4517,5094,360,613,2098,2639,2457,286
mhn-uabcs,1589,1589,1589,1589,1053,1589,1589,1589,0,0,1589,1589,1589
uf,20111,20111,20109,20111,0,15235,19794,17452,1,0,0,18534,3307
jardim botânico de brasília,33991,33991,33991,32675,0,32187,204,18538,0,27568,31751,33991,0
sfsu,34336,0,34318,34336,0,26138,27120,21786,33545,1116,26209,34269,33219
khd,1,1,1,1,0,1,1,0,1,0,0,1,1
ttrs,10505,10505,10505,10505,0,10383,10505,10459,10043,0,0,10445,507
zmuc,12886,12886,12886,12886,0,12877,12876,1,0,0,0,12872,22
ad-a,123,123,123,123,0,123,123,122,0,5,123,123,122
fpl-usda,1,1,1,1,1,1,0,0,0,0,1,1,0
cibyc-uaem,14004,14004,14004,14004,13929,14004,14004,14001,0,0,14004,14004,13978
montu,64671,63319,64663,64671,63023,62413,64619,61286,55771,56808,57280,64577,64059
cmc,21861,1815,21861,21861,0,20345,21330,5328,19787,10587,10937,20352,19574
pasa,2394,2394,2394,2394,0,2363,2394,906,0,0,0,2017,2273
hcoa,665,0,665,665,0,659,664,659,577,522,597,557,650
"",4931282,4929699,1593,4930782,0,4106168,3543355,962416,0,509807,980760,4880999,4009518
swrs,1670,0,1670,1670,0,1648,1670,1,0,1629,1663,1669,1645
uson,21327,329,21316,21327,0,21167,1217,20251,18,187,189,21323,21021
ufg,24864,24864,24864,23435,0,14381,19,8247,0,17212,17110,24864,0
ke,15242,0,14973,15242,0,15242,15221,7365,0,0,0,15241,15138
sbbg,132162,99909,131767,132162,0,131639,131805,92516,0,12138,15379,131867,130536
enmu,5170,0,5170,5170,0,5106,5170,2,1,2,2,5111,5113
usfws,5062,5062,5062,5062,0,4929,5062,4926,4513,4455,4764,5062,4929
dek,3801,0,3801,3801,0,3578,3778,3575,3669,840,1026,3706,3632
jbrj,607864,607864,607864,607864,27,520124,10546,186930,425975,400823,425166,596414,532750
"universidade federal rural de pernambuco, ufrpe",22693,22693,22693,22086,0,16905,5,3183,0,17791,17579,22692,0
mcn/fzbrs,1126,1126,1126,1126,0,1125,0,827,0,0,1116,1116,0
cirpas-inifap,636,636,636,636,555,636,636,635,0,0,636,636,636
smu,804,0,804,804,0,650,794,13,0,231,320,804,631
inhs,83,83,83,83,0,81,81,61,0,2,31,27,76
ho,168232,168232,168232,168232,0,167570,167533,153150,0,0,0,167865,160377
vsc,72641,68881,72640,72641,0,11855,72371,4425,72640,15668,32594,72633,72294
kstc,50877,50877,50822,50866,0,50498,48547,22569,0,0,38196,50510,50221
f,918715,918707,711567,918715,0,279704,861908,742406,653567,106888,157253,692170,8
hjaef,1064,1064,1064,1064,1059,1056,1064,916,964,607,756,1064,1010
msub,13444,0,10747,13444,0,11701,13356,73,0,4,4139,11956,12207
obi,46093,44971,45767,46093,0,45897,46053,24772,1009,226,417,46040,45702
uwfp,21517,0,21517,21517,0,304,21282,304,20699,0,0,304,1
unaf,4878,0,3153,4878,0,4843,4875,2375,2379,2328,2378,4869,4838
muhw,41956,0,41467,41956,0,16001,40475,1435,40375,5440,8278,16673,15579
wwb,4962,0,4962,4962,0,0,0,0,0,0,0,0,0
taes,846,0,846,846,0,845,841,839,845,837,839,846,838
cp,208,208,208,208,201,208,208,177,0,0,208,208,208
ciftroh-inifap,29,29,29,29,28,29,29,29,0,0,29,29,29
vmnh,70,70,70,70,0,70,70,39,69,0,54,57,46
sqb,3230,0,3220,3230,0,3203,0,3230,0,0,3225,3223,3181
"museu nacional, universidade federal do rio de janeiro (mnrj)",55,0,55,55,0,0,20,1,0,0,54,0,0
cpatsa,415,415,415,402,0,92,0,0,0,0,0,266,0
ucsc,7348,7337,7338,7348,0,7270,7348,4489,1,0,0,7345,7065
"c.a. triplehorn insect collection, ohio state university, columbus, oh (osuc)",1,1,1,1,0,1,1,1,0,1,0,1,1
mont,53260,44764,53216,53260,44098,52305,52997,40089,52587,24078,27611,53063,51420
trom,163702,163702,163702,163702,0,163368,163565,145227,12452,67939,161814,163503,0
flas,171310,0,171309,170991,0,63834,164107,74058,127696,7853,41337,164273,158771
mna,36637,18,36346,36637,0,35775,36560,21570,3713,11889,28965,36150,30086
zmbn,4,4,4,4,0,4,4,4,0,0,0,4,0
ull,1,1,1,1,1,1,1,1,0,0,1,1,1
rb,17019,10871,17019,17019,0,10002,571,1147,0,1378,2243,4901,9647
lacm,77,77,77,77,0,77,77,76,4,48,77,77,48
moar,26079,0,25231,26079,0,21135,23120,20856,23218,70,157,23201,21274
k,785323,785323,0,785323,0,598856,472143,218156,486638,278670,314300,763303,570668
buf,41035,41035,41035,41035,0,40887,39858,0,0,2394,4464,37389,36963
kaib,19,0,0,19,0,1,19,1,0,0,0,19,1
rhnm,6,0,6,6,0,6,6,6,6,5,5,6,6
ncu,508311,276,508155,508311,0,221700,501427,104960,400106,129833,135209,239547,221150
grch,2325,2325,2325,2325,0,2251,2325,1719,0,204,238,2305,2242
itcv,10,10,10,10,7,10,10,10,0,0,10,10,10
crmo,2649,2649,2649,2649,2624,2628,2644,586,2631,2004,2502,2648,2619
wsp,76,0,76,76,0,75,76,76,75,0,0,76,76
umfk,46285,0,46285,46285,0,46280,46285,747,0,0,46253,46284,46274
ds,118417,118417,118417,118417,0,118417,118417,73217,0,0,0,118417,116188
ucla,690,690,690,690,0,654,690,492,0,0,0,690,653
ills,333143,2745,114868,333143,0,310542,332305,79336,69292,395,16680,332523,308946
icmyl-unam,69619,69619,69619,69619,63963,69619,69619,69619,0,0,69619,69619,69618
ucd,102124,102124,102124,102124,0,101980,102124,68001,0,0,0,101946,100088
boston university,10844,10844,10844,10844,0,4875,10566,5785,10805,162,203,10194,9023
bolus,3436,0,3436,3436,0,3436,3400,1344,0,0,995,0,2731
"universidade regional de blumenau, furb",64349,64349,64349,62075,0,56355,89,56772,0,54394,55057,64349,0
edoblm,1328,0,1328,1328,0,1289,1327,1301,0,477,1159,1327,1298
unlv,3143,0,3143,3143,0,3138,3143,1601,3143,1597,1682,3141,3134
cirpac-inifap,40,40,40,40,40,40,40,40,0,0,40,40,40
eb-buap,10503,10503,10503,10503,8930,10503,10502,10105,0,0,10503,10503,10376
siu,6785,0,6785,6785,0,6723,6768,409,6785,398,2838,6770,4770
fcb-uanl,305,305,305,305,300,305,305,305,0,0,305,305,305
central connecticut state university,1785,1785,1785,1785,0,831,1770,0,1784,50,1120,1771,1731
gms,8142,0,8141,8142,0,8141,8101,8023,8005,0,0,8037,7877
wam,172,172,172,172,0,0,172,33,0,162,155,149,0
nys,43264,39805,43264,42739,0,42108,41407,0,0,0,0,36472,37130
gb,135798,135798,135798,135798,0,135325,135688,135795,0,1110,2001,135624,0
blmmd,4700,4700,4700,4700,4630,4089,4552,1460,2536,1,2948,4611,4500
gvsc,3143,0,3143,3143,0,2894,2896,13,3080,3015,3023,3090,2909
ume,88461,88461,88461,88461,0,50797,88146,80500,0,0,0,87330,0
ib-cucba-udg,15447,15447,15447,15447,15304,15447,15447,15208,0,0,15447,15447,15230
cns-ut,8288,8288,8288,8288,7369,8288,7496,4853,0,0,8288,8288,7975
sdsm,1059,1059,1059,1059,0,0,1041,0,0,0,0,0,61
miss,75867,0,75390,75867,0,74819,75839,23571,74564,2696,3051,75855,74228
mary,53862,0,48706,53862,0,45580,53734,30889,44778,599,664,48109,45290
universidade federal de mato grosso,8469,8469,8469,6990,0,8292,1,7675,0,3693,3831,8224,0
csu,2525,0,2101,2525,0,2385,2524,1719,1587,0,1821,2259,2359
uach,68400,68400,68400,68400,66618,68400,68086,52588,0,0,68400,68400,68038
jfbm,12,12,12,12,0,12,12,8,0,0,0,12,12
nhmuk,565164,565164,564816,565152,0,36691,457396,343632,137265,111429,124598,524101,0
dna,240722,240722,240722,240722,0,237796,240378,235541,0,0,6153,240606,240087
ibunam,137096,137096,137096,137096,131624,137096,134049,124595,0,0,135384,137096,135120
canl,30993,0,30993,30993,0,30304,30947,28827,0,0,21888,30962,0
cicy,69705,69705,69705,69705,66563,69705,68342,65251,0,0,69703,69705,68765
ids,60851,59236,60647,60851,57974,60140,60423,23909,59847,56807,58670,60815,59875
bdi,18517,0,0,18517,0,14740,17204,13675,0,1380,1762,16657,14371
western connecticut state university,5775,5775,5773,5775,0,1757,5526,3667,4482,20,27,5701,5654
uaaan,1448,1448,1448,1448,1444,1448,1448,1336,0,0,1448,1448,1391
dbg,87474,87474,84089,87474,0,80833,84104,70170,78886,9898,14814,85214,85042
hudc,8736,0,8736,8736,0,1662,1969,6,8727,19,54,1985,1893
cucei-udg,16,16,16,16,16,16,16,4,0,0,16,16,3
nmv,412,412,412,412,0,410,412,348,0,277,307,330,271
uva,213,213,213,213,0,213,213,22,213,0,0,213,199
ud,66,66,66,66,2,35,66,62,0,62,66,59,62
"universidade federal de sergipe, ufs",39833,39833,39833,39691,0,35201,17,39829,0,29931,31120,39808,0
sdsu,33534,33534,33533,33534,0,32308,33532,18416,2,16656,16694,33282,32934
woll,9392,9392,9392,9392,0,9383,9391,8751,0,0,0,9392,8830
wnc,6625,0,6625,6625,0,6599,6622,6560,6599,6415,6469,6625,6584
eky,80178,0,76607,80178,0,75421,80166,2779,74448,12439,13842,79967,76447
instituto nacional de pesquisas da amazônia (inpa),251693,251693,249873,249764,0,243022,9469,0,0,153675,165296,251693,248964
fsu,165291,84315,165291,165289,0,70215,163019,73159,150158,2005,0,86340,85992
ariz,35225,2,35224,35225,0,30722,31754,2,14287,1088,31858,31860,31697
"instituto federal de educação, ciência e tecnologia",11935,11935,11935,11228,0,10893,101,4605,0,8138,8261,11935,0
sc,3872,0,3872,3872,0,656,3810,306,2730,654,655,662,582
sapcl,258,0,258,258,0,253,239,116,0,247,249,256,230
o,809629,809629,809629,809629,0,803652,798056,720316,311993,583001,666067,800619,157501
ueg,7621,7621,7621,7117,0,6563,47,2535,0,3291,6684,7620,0
circe-cevamex-inifap,17494,17494,17494,17494,16944,17494,17494,16933,0,0,17494,17494,15800
uw,642,642,642,642,588,642,642,635,0,0,642,642,636
ym-yose,9204,9204,9204,9204,0,9105,9204,6094,0,0,0,9180,8759
uabcs,3717,3717,3717,3717,3544,3717,3717,2865,0,0,3716,3717,3716
cinc,41880,0,41879,41880,0,32488,41434,1198,41734,13730,17562,36446,33590
canb,833330,833330,833330,833330,0,818701,830170,753736,0,498291,577694,833330,823936
but,48078,43165,48077,48078,0,45970,47982,2936,24743,552,4671,48000,46977
ceplac,2520,2520,2520,2302,0,2306,22,0,0,0,0,2520,0
mur,1,0,1,1,0,1,1,1,1,0,0,1,1
sd,127440,127440,127440,127440,0,127197,127440,114930,0,0,0,127437,126953
jeo,1535,1535,1535,1535,1046,1535,1535,1535,0,0,1535,1535,1504
unicap,1458,1458,1458,1316,0,1404,0,1369,0,693,729,1458,0
ufrn,2695,2695,2695,2690,0,2600,16,2432,0,472,1102,2695,0
"sel, usf",61,0,61,61,0,61,61,23,61,0,0,61,61
universidade regional do cariri,8223,8223,8223,6349,0,7140,0,1996,0,3105,3705,8223,0
utc,2614,2614,2614,2614,0,2553,2613,1245,2,225,259,2612,2392
oee,129,129,129,129,128,129,129,129,0,0,129,129,129
hunt,5633,0,5633,5633,0,163,5631,120,5549,3,3,3614,3578
ufma,10710,10710,10710,9657,0,8949,7,10594,0,2156,2318,10281,0
wcuh,27994,5765,27993,27994,0,6471,27955,3174,19339,339,638,5355,6091
bblm,4480,4480,4480,4480,4454,4092,4475,1218,4163,243,1728,4471,4364
brfc,623,623,623,623,0,623,623,431,0,0,0,623,623
fcf-uanl,2044,2044,2044,2044,1370,2044,2044,2041,0,0,2044,2044,2041
hbsh,2426,0,2426,2426,0,586,2420,301,1967,668,668,674,587
uesc,16517,16517,16517,13004,0,1006,6,10834,0,2557,2520,15592,0
hsu,1,1,1,1,0,0,0,0,0,0,0,1,0
mbm,286618,286618,286618,280748,0,237338,264335,20934,0,46588,236933,286618,0
usnm,80789,80789,80788,80781,0,16720,24358,5583,5146,0,36869,13607,0
rms,32469,0,32466,32469,0,18932,26181,4755,29818,396,16941,31534,31853
macf,247,247,247,247,0,246,247,101,0,0,0,247,247
scfs,1000,1000,1000,1000,0,999,1000,922,0,0,0,998,992
mem,13570,0,13569,13570,0,19,13566,10,0,112,112,13570,13189
wewo,1902,0,1902,1902,0,1804,1902,1696,1802,1900,1900,1902,1804
dmnh,48,48,48,48,0,48,39,8,0,0,0,36,43
psuc,19,19,19,19,0,2,4,6,0,1,4,10,8
encb-ipn,105061,105061,105061,105061,103739,105061,104694,103485,0,0,105061,105061,104447
fesi-unam,11602,11602,11602,11602,6118,11602,11602,11472,0,0,11602,11602,11479
cup,71997,43,71995,67951,0,55545,61589,917,17617,3373,31228,60292,53589
sel,6216,0,6216,6216,0,5866,6214,2650,5906,1487,1688,6216,5886
fc-uabc,620,620,620,620,616,620,620,576,0,0,620,620,614
ku,384831,384831,384826,384831,0,376930,366968,278936,0,0,233492,362646,315530
gouvernement du québec,101919,101919,101919,101918,101909,101919,101828,78547,1,24291,101182,101918,101916
uconn,155695,155695,155694,155695,0,143429,152708,136411,150277,4054,5308,151968,153899
"universidade estadual paulista, unesp",53738,53738,53738,49479,0,29737,354,19865,0,25819,33005,53258,0
clems,80574,0,80309,80574,0,45784,79079,1446,69645,1374,49219,49567,46029
university of maine,44772,44772,44772,44772,0,28285,44729,30048,37513,7590,9414,43634,39426
unisanta,8372,8372,8372,7523,0,8141,3,2795,0,3978,5632,8372,0
nrm,1039,1039,1039,1039,0,955,737,346,0,47,410,694,588
cinvestav-ipn,210,210,210,210,208,210,210,62,0,0,210,210,28
pul,2,0,2,2,0,0,2,2,2,0,0,2,2
"universidade estadual de londrina, uel",54501,54501,54501,52464,0,51629,311,10143,0,41041,41545,54500,0
aadc,17731,17731,17731,17731,0,13700,17372,17638,0,13635,17238,17720,0
etsu,11116,0,6658,11116,0,7391,10447,3397,0,7,122,7444,7468
cotecoca,338,338,338,338,338,338,338,337,0,0,338,338,335
sact,2522,2522,2522,2522,0,1965,2522,2102,0,0,0,2478,2495
albc,236,0,236,236,0,197,187,0,236,33,35,227,227
ufrgs,150082,150082,150082,148126,0,127177,17775,27084,0,60733,124433,150061,0
wtu,360214,360214,350457,360214,324826,353934,356425,262246,119947,119538,183811,360129,354277
ala,78961,0,78961,78961,0,34366,77622,33305,44733,76716,77836,78960,78857
ufpb,58160,58160,58160,51852,0,43214,294,36823,0,24753,26107,58159,0
wgc,4999,0,4999,4999,0,4975,4988,0,4972,0,0,4999,4948
no disponible,4355,4355,4355,4355,3498,4349,4314,4122,0,0,4315,4315,4144
ie-unam,1175,1175,1175,1175,577,1175,1175,1175,0,0,1175,1175,1172
cas,818595,778152,818595,818594,0,782404,781491,243355,56143,155638,164454,817811,808480
utep,82315,82315,82315,82315,0,82315,82287,32673,282,67404,82315,82313,82315
lcdi,1395,0,1284,1395,0,1191,1395,438,0,120,261,1394,1386
itvo,48,48,48,48,48,48,48,48,0,0,48,48,48
uami,37334,37334,37334,37334,36956,37334,37334,37328,0,0,37334,37334,37327
ufs,9569,9569,9569,9566,0,9569,0,6029,0,6211,9569,9568,0
"sel, mo",1,0,1,1,0,0,1,0,0,1,1,1,0
nsw,621830,621830,621830,621830,39,606399,620356,541807,0,321244,344288,620113,598933
ph,484503,0,484503,484503,0,171931,482534,28010,446709,16169,29362,180140,169870
ecosur,32379,32379,32379,32379,28751,32379,31720,31617,0,0,32379,32379,32222
ames,16638,16638,16638,16638,0,13999,15517,612,8504,6815,2491,15750,13395
circe-cebaj-inifap,7558,7558,7558,7558,7097,7558,7558,6369,0,0,7558,7558,4686
unitins,7656,7656,7656,7215,0,7210,0,6509,0,3058,3127,7656,0
dictus-uson,11718,11718,11718,11718,11555,11718,11718,11581,0,0,11718,11718,11700
bdwr,2524,0,2524,2524,0,0,2439,0,0,0,0,0,0
universidade federal de minas gerais,148230,148230,148230,143320,0,117252,987,60869,0,54280,20712,130816,0
emc,9434,0,8835,9434,0,8603,9215,2057,8543,1117,3230,9096,8643
sama,772,772,772,772,0,0,647,567,0,265,368,693,418
usam,621,0,621,621,0,580,600,588,607,0,7,548,529
ad,632199,632199,632199,632199,0,625965,631579,612207,0,495589,632099,632199,614130
"universidade federal do ceará, ufc",61473,61473,61473,60456,0,57439,127,15395,0,48266,51088,61473,0
uomnh,10417,10417,10415,9593,0,10329,9047,1265,0,0,5995,8929,0
ufop,27947,27947,27947,27170,0,22340,5,3315,0,19372,20522,27947,0
bpbm,431733,431733,431733,431733,0,424060,418110,89149,1,233738,279032,427902,393743
uark,2727,0,2727,2727,0,2712,2538,1171,2727,1503,2635,2710,2665
ltb,5106,5106,5106,5106,0,5083,5095,4997,0,1185,1721,5082,5003
university of calgary,1650,1650,1650,1649,1582,1630,1650,1645,0,1650,605,1649,1570
fb-uv,10,10,10,10,10,10,10,2,0,0,10,10,10
rmbl,6937,0,6900,6937,0,6824,6937,3591,6759,2728,2833,6932,6824
dov,23261,0,23261,23261,0,3660,22770,259,23029,43,43,3777,3722
osc,82451,7,82451,79267,0,82024,80757,35287,9744,6320,6207,79499,65945
svg,4793,4793,4793,4793,0,4770,4770,4756,0,4766,4793,4793,0
iizd-uaslp,215,215,215,215,214,215,215,215,0,0,215,215,214
uwbm,19,19,19,19,0,19,19,16,0,0,0,13,8
cda,24115,24115,24115,24115,0,23900,24115,16902,0,0,0,24113,24093
hpsu,15804,15804,15804,15804,15668,15420,15718,6494,12234,4814,9662,15736,15504
eve,1124,434,1124,1124,409,1112,1118,380,245,27,708,1117,1084
university of alberta museums,88519,88519,88519,88519,0,74834,87541,55262,0,22974,44398,87553,87986
nfh,688,688,688,688,0,688,688,688,0,688,0,688,0
hu,3520,3520,3520,3520,2303,3520,3520,3316,0,0,3520,3520,3520
ftg,540,0,540,540,0,539,540,539,538,9,131,539,518
mcz,3344,3344,3344,3344,0,1799,1799,1454,0,293,3344,3344,3344
fc-unam,49567,49567,49567,49567,43564,49567,49241,49018,0,0,49567,49567,48636
uefs,249770,249770,249770,237729,0,216426,2743,171104,0,110635,110186,248628,0
mn,63425,63425,63425,61400,0,18522,2142,2865,0,29057,33800,61797,0
vale,5060,5060,5060,5060,5025,4717,5053,3293,4726,96,4172,5058,4960
rbg,2088,2088,2088,2088,1724,2088,1969,1693,0,0,2088,2088,2088
fa-uas,12725,12725,12725,12725,12643,12725,12725,12712,0,0,12725,12725,12699
ewu,6684,6684,6683,6684,6565,6579,6571,6006,6502,502,1186,6683,6517
cnc,8,0,8,8,0,8,8,8,0,6,8,8,8
srp,94195,71427,83052,94195,67922,80817,82362,56999,79163,12028,32256,82336,82091
"sel, flas",9,0,9,9,0,7,9,4,7,0,5,9,7
tlax,267,267,267,267,267,267,267,267,0,0,267,267,267
jardim botânico plantarum,13661,13661,13661,13236,0,13535,1202,1670,0,9978,10057,13655,0
université laval,41675,41675,41675,41675,0,41675,41509,33688,0,8372,41667,41674,41622
ill,109602,0,109602,109602,0,18255,46044,2359,102512,2545,6274,33423,31292
sim,23935,0,23935,23935,0,20184,23436,10445,21315,6,30,23905,20551
fhksc,552,0,0,552,0,140,184,1,0,95,133,243,171
nmc,1,1,1,1,0,1,1,0,0,0,0,1,1
uag,69,69,69,69,69,69,69,69,0,0,69,69,68
ttu,10,10,9,10,0,8,10,8,0,0,1,3,1
iap,102928,102928,102928,100992,0,69316,11078,5789,0,66243,85703,101243,0
dav,111498,109549,111498,111498,0,111384,110861,28724,1948,93,47536,110906,1780
des,85787,1,83484,85787,0,82733,85050,81749,75546,11247,17697,85761,82126
neb,48000,0,48000,48000,0,25003,43832,23385,47920,9013,14514,42170,40048
fld,14619,0,14587,14619,0,14068,14597,5428,1586,93,2107,14251,14190
ibt,73935,73935,73935,73114,0,59988,28429,32008,0,20523,41078,73765,0
cort,5336,0,5336,5166,0,5245,5335,683,0,0,414,5336,5326
fi-unam,98,98,98,98,15,98,98,42,0,0,98,98,0
cm,491803,12464,491803,491796,0,475283,481417,210832,37667,2,232263,486147,466765
ksp,25104,214,18000,25104,0,24211,25076,11671,5584,1952,2938,25003,24609
madug-ugto,2382,2382,2382,2382,1721,2382,314,106,0,0,2382,2382,172
c,103599,103546,103599,103599,0,103539,103072,102204,0,53,98637,103388,6937
pemb,4469,0,4469,4469,0,918,4468,403,4255,975,977,989,916
aasu,5061,0,5061,5061,0,5010,5056,4,0,0,0,5008,4971
bru,15730,0,15730,15730,0,5889,14130,14457,15703,2,193,14522,11527
mor,103505,85840,103505,103505,0,95341,103346,18063,58292,3089,16943,103064,101046
boon,15255,0,14638,15255,0,5326,15153,3375,10725,197,462,5644,5374
istc,6788,0,0,6788,0,4167,4857,1,0,0,0,4903,4896
brock university (bu),86,86,86,86,0,32,85,86,0,84,84,84,84
logan,3,3,3,3,0,0,3,0,0,0,0,0,0
ph 987012,1,0,1,1,0,1,1,0,1,0,0,1,1
econ,2519,2519,2519,2519,0,2433,2505,39,1266,128,66,2490,1428
ufrpe,36398,36398,36398,35356,0,31004,282,11085,0,21464,28288,36273,0
universidade federal do pará,10183,10183,10183,9058,0,9946,0,8742,0,6522,6618,10183,0
awc,1662,0,1634,1662,0,1588,1642,1196,1607,74,222,1660,1632
mil,3155,0,3155,3155,0,2806,3035,533,0,380,2064,3151,3129
ups,529760,529760,529760,529760,0,501195,502143,18959,0,59273,82291,514559,488183
ga,220444,0,220418,220444,0,209261,215627,6748,180889,0,0,99894,99134
iac,56758,56758,56758,54126,0,46098,4302,49846,0,54475,56640,56750,0
westfield state university,11031,11031,11031,11031,0,0,10984,0,10516,0,0,11020,10929
balt,27690,0,18608,27690,0,26396,27554,166,15751,6606,11879,26960,25967
lsum,14555,14555,14555,14555,0,14209,14336,13766,14467,456,5491,14398,14338
nps,2021,2021,2021,2021,0,1999,2020,1992,0,37,37,2021,1989
os,49574,30340,49572,49574,0,3664,48554,25417,47617,3451,9227,40561,35536
urv,2261,0,2261,2261,0,2246,2261,262,2249,1845,1904,2260,2240
wfu,156,0,125,156,0,151,155,150,122,2,151,156,152
gmnh,113,113,103,113,0,113,113,100,0,0,0,113,113
lsu,168634,168634,168634,168634,0,159481,168554,57558,154322,61137,65580,168610,165116
cmnh,138,138,138,138,0,80,115,0,0,0,0,87,0
tex,1,1,1,1,0,1,1,0,1,1,1,1,1
arizona state,1,0,0,1,0,1,1,0,0,0,0,0,1
vt,241775,20651,241772,241775,0,25254,231219,55453,238782,9483,15053,49612,65337
ima,52226,52226,52226,46970,0,47471,97,33891,0,29591,32063,52226,0
unesp-ibb,2478,2478,2478,2446,0,1633,497,1182,0,299,524,1574,0
reserva natural vale,15935,15935,15935,15914,0,7156,96,2428,0,14307,14378,15935,0
troy,14534,0,14534,14534,0,14534,14534,4971,14534,0,0,14533,0
sdnhm,173,173,173,173,173,173,173,161,0,0,173,173,172
yuo,183,0,183,183,0,183,183,155,183,0,0,183,170
fz-uach,866,866,866,866,857,866,866,866,0,0,866,866,866
cimmyt,10617,10617,10617,10617,10611,10617,10617,10613,0,0,10617,10617,10508
universidade federal de jataí,8576,8576,8576,8187,0,8549,0,6871,0,1293,3793,8576,0
fprl-bre,58,58,58,58,49,58,9,0,0,0,58,58,0
gh,234691,234691,234691,234691,0,216277,225501,4341,119285,24550,7535,232740,116632
mwi,42354,0,42354,42354,0,40148,42079,3988,0,42331,42351,42353,41943
uamb,74247,74247,74247,74247,0,74247,72917,29489,56788,74236,74247,74247,74247
wri-ku,114,114,114,114,100,114,1,0,0,0,114,114,0
unb,185589,185589,185589,177620,0,163224,9642,97067,0,83375,149918,185580,0
university of new hampshire,86144,86144,86144,86144,0,34388,86136,65,84560,836,836,85250,84581
jeps,109684,109684,109684,109684,0,109173,109684,90934,0,0,0,109671,108813
vdbbrit,1,1,1,1,0,1,1,0,0,1,1,1,1
cau,5377,0,5377,5377,0,1693,5375,1532,2523,273,296,1707,1668
cicb-uatx,2024,2024,2024,2024,1800,2024,2024,1994,0,0,2024,2024,2020
csusb,2003,2003,2003,2003,0,1976,2003,1407,0,0,0,2003,1941
fb-umsnh,365,365,365,365,364,365,365,322,0,0,365,365,363
wfbm,4,4,4,4,0,4,4,4,4,0,0,4,4
ufpr,88732,88732,88732,87153,0,83008,2640,21492,0,69285,76706,88698,0
usp,169181,169181,169181,167466,0,108359,7803,75302,0,106823,145423,166831,0
no aplica,375,375,375,375,363,375,375,375,0,0,375,375,375
ucs,48792,48792,48792,47972,0,41633,3414,9738,0,35253,39852,48791,0
uepa,8583,8583,8583,8317,0,7514,0,8583,0,1887,5833,8583,0
kanu,1184,1184,1184,1184,0,1178,1160,1181,0,0,0,0,0
isc,102139,0,98333,102139,0,54532,81213,34946,53217,8462,25311,77281,74922
mpm,107620,107620,107608,107587,0,0,106127,2057,0,0,0,106633,94882
nlh,6315,6315,6315,6315,0,6294,6315,6315,0,6315,237,6315,0
mugm,19,19,19,19,0,19,19,19,0,0,0,18,18
unicamp,186874,186874,186874,181620,0,176941,186821,65391,0,114715,131938,186870,0
maine,13106,972,13106,13106,0,12514,13103,9705,65,4847,10955,12913,12129
nhi,8223,0,8223,8223,0,2851,3578,2689,464,1765,1879,2944,8154
swaner,418,0,418,418,0,103,407,30,392,11,10,403,333
trada,5,5,5,5,5,5,0,0,0,0,5,5,0
"universidade federal de pernambuco, ufpe",90810,90810,90810,83742,0,47261,6787,8174,0,12267,64359,90747,0
uvsc,15971,15566,15971,15971,0,15727,15971,13577,0,0,0,15968,15718
usfs,8148,8148,3127,8148,0,7896,8073,6293,146,2140,4632,7957,7676
apcr,1456,0,1456,1456,0,46,1456,46,0,0,0,82,46
uema,5475,5475,5475,4944,0,4477,1,3306,0,0,0,5036,0
wstc,1019,1019,1019,1019,1015,1009,1006,8,1011,183,183,1018,981
inia,25,25,25,25,18,25,0,0,0,0,25,25,0
hd,945,945,945,945,528,945,945,945,0,0,945,945,945
ajtt,1391,1391,1391,1341,0,1315,1380,0,0,0,0,0,1365
pucrs,22386,22386,22386,20885,0,22326,4067,17666,0,12772,18640,3059,0
bmo,142762,142762,142762,142762,0,142220,142538,130705,0,0,0,142707,136475
university of rhode island,12556,12556,12556,12556,0,6539,10571,3141,12367,198,240,10038,10230
nlu,10250,0,10249,10250,0,4688,10238,270,9620,423,438,10150,10084
iregep-cp,417,417,417,417,417,417,417,417,0,0,417,417,417
bpi,747457,0,747457,710997,0,692318,692342,0,0,0,379319,703856,671363
imecbio-udg,18777,18777,18777,18777,16715,18777,18777,17460,0,0,18777,18777,18752
fsl,1280,1280,1280,998,0,1188,0,0,0,1079,1055,1280,0
jct,22235,22235,22235,22235,0,22104,22084,22133,0,11060,14243,22235,21721
eiu,27333,13,15228,27331,0,26407,27129,12292,14154,11041,13954,27191,26756
mzlu,203,203,203,203,0,168,180,41,0,0,0,0,0
mesa,3136,0,3135,3136,0,2961,3133,2702,574,22,56,3109,2887
chas,152,152,152,152,0,152,152,52,33,66,152,152,152
csca,69,0,69,69,0,69,69,69,0,37,66,69,69
rsa,742723,334601,424250,742723,0,739946,741902,380830,0,0,0,742618,734089
cibnor,14074,14074,14074,14074,13312,14074,14074,13492,0,0,14074,14074,14027
nbm,10123,0,10123,10123,0,10005,10123,8707,0,882,7860,10120,10046
kiri,7173,0,7173,7173,0,7173,5841,5820,7173,0,2,7148,4894
uam,200695,200695,200695,200695,0,200695,125497,122633,172315,199369,200695,200691,200695
mbml,54134,54134,54134,51217,0,52531,5,48520,0,1391,37520,53938,0
vcu,18873,0,18873,18873,0,0,18854,0,18577,94,94,0,0
univille,15897,15897,15897,15200,0,15145,474,3596,0,10003,12735,15748,0
snm,27589,0,27588,27589,0,26927,27588,7539,0,9237,9265,27516,26805
vvc,2515,2515,2515,2515,0,2480,2515,2424,0,0,0,2482,2481
irenat-cp,1923,1923,1923,1923,1920,1923,1923,1707,0,0,1923,1923,1905
fhl,3508,3508,3508,3508,2659,3508,3473,3406,3505,952,2492,3508,3293
rsabg,21,4,18,21,4,21,20,6,0,0,4,20,20
odu,1729,0,1729,1729,0,1607,1698,128,0,46,149,1703,1604
fcfa-ula,19,19,19,19,14,19,19,0,0,0,19,19,0
bg,216732,216732,216732,216732,0,215113,213756,180721,56295,209019,143916,216428,62683
ecuh,5166,0,5166,5166,0,12,5125,5,4804,53,53,12,12
qm,293,292,293,293,0,293,291,292,0,0,282,286,289
brown,72097,72097,72097,72097,0,43986,67603,3071,61895,0,0,59945,52546
ciidir-ipn,10604,10604,10604,10604,9432,10604,10604,10443,0,0,10604,10604,9875
uwec,1675,0,1675,1675,0,1279,1674,152,1675,1182,1492,1672,1659
bolusherb,16354,16354,16354,16354,0,16354,14512,14370,0,0,2578,16343,9634
brit,84285,720,81309,84285,0,18816,83975,55985,17703,9567,12366,71260,70183
ufu,74259,74259,74259,70427,0,72019,159,15650,0,40267,41749,74257,0
fh,135679,123956,135679,135230,0,129559,132207,2187,95418,4345,4563,133029,116494
gmuf,36506,36506,36506,36506,0,24189,36506,1171,35218,80,829,24595,24249
ndoa,1150,0,1150,1150,0,1126,1147,1,1150,3,1052,1147,1132
wjc,710,0,710,710,0,623,705,0,0,519,522,709,705
comissão executiva do plano da lavoura cacaueira,140092,140092,140092,131150,0,128722,201,75892,0,0,133589,139453,0
uscs,17838,0,17838,17838,0,13,17838,0,17440,0,0,19,13
gsw,13036,0,13036,13036,0,3192,13005,886,12865,61,101,3271,3205
conv,6436,0,6436,6436,0,0,6315,0,6146,0,0,0,0
reed,5484,5484,5456,5484,5344,5314,5437,1797,4873,678,930,5442,5346
universidade tecnológica federal do paraná,29435,29435,29435,28994,0,27610,2696,17403,0,26357,27322,29429,0
msb,39,39,39,39,0,39,39,36,21,37,39,39,39
"sel,ames",1,0,1,1,0,0,1,0,0,1,1,1,0
ufersa,14205,14205,14205,14024,0,12185,6,10860,0,9603,10112,14205,0
ua,553,553,553,553,539,553,553,553,0,0,553,553,553
unesp-ibilce,30988,30988,30988,28735,0,23860,362,2704,0,14039,14751,29461,0
uem,28338,28338,28338,23901,0,27357,156,11330,0,15395,17094,28314,0
usu,154050,154050,153863,154049,0,146424,153227,69138,84687,54089,56057,149473,143502
pom,205936,87555,121543,205936,0,205174,205750,67404,0,0,0,205895,201477
wilton garden club,1222,1222,1222,1222,0,784,1220,1020,1214,0,0,1213,1193
b,205707,205707,0,205487,0,109360,144425,28414,140643,19466,28153,124903,79447
fmnh,23357,23357,23356,23357,2,2,23281,0,3091,0,16515,1916,0
ufpe,59975,59975,59975,58731,0,57074,507,23572,0,32981,45404,59975,0
byu,5,5,5,5,0,5,5,4,0,0,0,5,5
"instituto de botânica, ibt",185250,185250,185250,183337,0,159787,9229,36930,0,126816,141503,185249,0
bry,43699,10,43699,43699,0,43343,43303,29431,39060,4,37546,43537,43432
universidade federal de juiz de fora,60178,60178,60178,56514,0,49099,1391,7251,0,40102,42639,60176,0
ufv,40140,40140,40140,38242,0,36785,138,3981,0,13970,15527,40140,0
dmns,6,6,6,6,0,6,6,3,0,5,6,6,6
ufpi,17659,17659,17659,16363,0,16165,204,4161,0,7192,9945,17527,0
cic,45853,45853,45452,45853,45339,43953,45327,22924,42507,15398,31300,45754,45052
nha,85208,0,85208,85208,0,85102,85064,85087,84706,3233,3488,85095,82882
ufscar,6884,6884,6884,6401,0,6489,4,2159,0,741,975,4723,0
clark-a,7372,7372,7372,7372,0,7033,7372,6513,0,0,0,7333,7355
mot,2488,0,2488,2488,0,2488,2484,2487,2488,1,4,2482,2428
hsc,74762,71139,74762,74762,0,73783,74730,43848,3623,1,3182,74587,74134
universidade do estado de mato grosso,4385,4385,4385,3428,0,4133,0,2929,0,2891,3004,4385,0
psm,11745,11745,11745,11745,11561,11426,11614,220,11514,2,2,11526,11652
missa,28369,29,26732,28369,0,23093,27863,19394,26337,865,932,25591,23647
gmdrc,5498,5498,5498,5498,0,5496,5498,5122,5,5,5,5498,5495
universidade estadual do centro-oeste,6023,6023,6023,5430,0,3827,1,0,0,4109,4466,6023,0
bho,4900,0,4900,4900,0,2933,4896,1,4815,668,725,3224,3154
ipa,83045,83045,83045,80742,0,75119,2295,16519,0,56295,61877,83028,0
if,51498,51498,51498,50707,0,45988,1011,13825,0,21413,24416,51222,0
a,89817,89817,89817,89817,0,80051,83532,11841,28214,11868,6221,89230,63796
university of vermont,39226,39226,39226,39226,0,7918,39226,34058,37036,1770,1857,16055,36665
berea,24281,0,24281,24281,0,1983,24232,14,23454,45,45,2017,1985
dsund,1431,0,1421,1431,0,193,1316,949,5,36,1116,1206,1210
fzb-bh,12557,12557,12557,11964,0,12215,187,3630,0,4409,5389,12547,0
museu nacional/ufrj,2421,2421,2421,2318,0,1629,61,0,0,1489,1761,2395,2294
prc,211145,211145,211145,211145,0,209256,211143,38382,128493,5,210205,211141,207180
iepa,208,208,208,166,0,200,0,0,0,0,0,208,0
ipt,10,10,10,10,8,10,0,0,0,0,10,10,0
ucsb,36815,36815,36815,36814,0,36803,36813,17687,28,8,6,36245,36409
am,1233,1233,1233,1233,0,2,1203,1224,0,726,746,1177,1160
blmar,647,647,647,647,0,647,647,268,0,0,0,644,647
uwsp,73669,53181,73669,73669,0,60022,73591,50049,49989,8907,12717,73478,71750
knk,22925,0,22925,22925,0,22555,22863,943,19092,0,4670,12244,11438
ut,21976,21976,21973,21976,0,8258,21768,4834,21629,3951,4269,8467,8283
linf,3569,3569,3569,3569,3546,3514,3528,255,3479,242,199,3568,3520
inifap-cecoy,2181,2181,2181,2181,2077,2181,2181,1659,0,0,2181,2181,1867
"sel, cm",1,0,1,1,0,0,1,0,0,0,1,1,0
unca,7839,0,7839,7839,0,7371,7830,3407,1,7829,7835,7782,7354
mwcf,5226,0,5226,5226,0,1803,5191,78,2037,345,1521,1882,1837
oma,18989,0,18989,18989,0,18926,18579,5248,0,0,0,18967,18829
uwm,7815,0,7815,7815,0,6171,7804,6232,7547,6766,6774,7812,7249
chsc,74057,74057,74057,74057,0,73719,74057,73217,0,0,0,73820,73863
universidade federal dos vales do jequitinhonha e mucuri,6349,6349,6349,5585,0,6076,7,5996,0,4173,4535,6349,0
ucm,230,230,230,230,0,230,223,14,0,215,216,217,212
mich,706343,1,705841,706343,0,586805,639954,191631,614301,33732,131178,667069,585632
hpc,26212,0,26212,26212,0,10620,26187,2351,2533,3,7,26152,25992
cesues,1963,1963,1963,1963,1949,1963,1963,1963,0,0,1963,1963,1958
keene state university,11861,11861,11861,11861,0,864,10123,0,11473,86,86,9786,9165
cucba-udg,6086,6086,6086,6086,5954,6086,6086,6085,0,0,6086,6086,6086
fprdi,12,12,12,12,12,12,0,0,0,0,12,12,0
usu-utc,25,25,25,25,0,25,25,25,25,25,25,25,25
pim,10,10,10,10,9,10,10,10,0,0,10,10,10
ucr,420970,420969,154435,420970,201,420958,420959,401227,54,76936,86791,420970,154401
unemat,21857,21857,21857,20114,0,21038,0,11775,0,12882,16113,21857,0
wash,712,177,712,712,0,67,669,110,0,3,3,630,610
id,154171,145698,151023,154171,142807,150549,153530,92526,146311,40479,47532,153981,152682
ncslg,4773,0,0,4766,0,4710,4703,617,0,0,4743,4717,4767
hwba,636,0,634,636,0,557,620,224,2,64,88,622,610
faculdade são lucas,7046,7046,7046,4809,0,6625,22,2772,0,1992,2037,6974,0
colgate university,3094,3094,3094,3094,0,2743,3076,50,0,46,186,3008,2702
lpmmbh,283,283,283,283,0,266,283,257,0,0,260,283,275
nmsu,1,1,1,1,0,1,1,0,0,1,1,1,1
empresa brasileira de pesquisa agropecuária,28490,28490,28490,27082,0,22988,16592,20661,0,11499,13634,28484,0
bois,10409,10409,7633,10409,10337,10114,10229,386,7366,1760,6781,10370,9741
university of massachusetts,93292,93292,93292,93292,0,90272,91878,77734,86888,0,0,92001,86389
blm,3712,3712,3655,3712,0,3272,3540,1355,738,491,795,3588,3403
chrb,60439,15,60438,60439,0,25558,46068,4175,54203,7474,8697,34838,31501
asc,83581,1,80062,83581,0,81798,83570,78533,6,2766,27235,83556,81498
irvc,5672,5672,5672,5672,0,5662,5672,4943,0,0,0,5668,5647
pgm,7591,7591,7591,7591,0,7591,7591,3140,0,0,0,7589,7587
sam,1,1,1,1,0,1,1,0,0,0,0,1,1
min,536581,536581,535199,536581,0,388402,458220,224757,291974,29180,33630,455601,404658
la,17186,17186,17186,17186,0,16187,17186,13547,0,0,0,17186,16757
unm,125905,125905,59790,125905,0,121935,125410,58640,56264,32252,44419,125731,121151
uady,6452,6452,6452,6452,6149,6452,6452,6426,0,0,3903,6452,6426
unicach,26936,26936,26936,26936,26100,26936,26936,26936,0,0,26936,26936,26556
fuvates,5760,5760,5760,5731,0,4790,1,2949,0,5636,5652,5760,0
serbo,2947,2947,2947,2947,2897,2947,2947,2947,0,0,2947,2947,2947
pur,4,0,4,4,0,3,4,4,4,0,0,4,4
mnhn,3628250,3628250,3628250,3628250,0,168123,438294,270622,3385044,0,411696,835401,666947
uaz,12613,12613,12613,12613,12508,12613,12613,12613,0,0,12613,12613,12613
nebk,11186,0,11131,11186,0,10970,11033,9,3971,1,2948,11038,10960
fcn-uaq,32264,32264,32264,32264,31723,32264,32246,29458,0,0,32264,32264,31991
tawes,4357,0,4357,4357,0,3108,4357,92,3217,63,63,4234,3108
ufac,18133,18133,18133,14119,0,2,0,4,0,0,4,17923,0
fcb-une,251,251,251,251,251,251,251,251,0,0,251,251,251
uwl,7385,0,7385,7385,0,6904,7384,7018,7381,7049,7054,7162,6992
ciad,154,154,154,154,24,154,154,154,0,0,154,154,154
tenn,414921,67092,414921,414921,0,167494,411991,151187,349598,13754,52063,172378,170697
ny,3929270,3929269,3929270,3929259,0,2288981,2503088,1282421,2836563,619691,828065,2538977,2350050
wcw,10999,10999,10999,10999,10804,10811,10794,892,10887,1925,2246,10921,10686
nebc,159359,159359,159359,159359,0,153502,159338,152,152309,5241,4130,159242,153540
yale peabody museum of natural history,82636,82636,82636,82636,0,25914,81950,33674,73643,668,670,80922,65886
cns,157094,157094,157094,157094,0,152839,155865,153034,0,25516,35064,157094,155876
ufes,41953,41953,41953,37573,0,35770,5,5799,0,27117,27854,41952,0
um,1066,1066,1066,1066,1039,1066,1066,1013,0,0,1066,1066,1037
null,1,1,1,1,0,1,1,1,1,0,0,1,1
perth,640002,639871,639871,640002,0,595924,639995,607547,130,277097,353237,639999,579834
uc,490499,260687,490494,490499,0,396043,407887,263889,220413,6432,18698,411497,399778
nzfri,23,23,23,23,19,23,0,0,0,0,23,23,0
conn,3977,0,3977,3977,0,3772,3933,3922,3770,1,1,3887,3682
ncsu,4,0,4,4,0,4,4,0,0,4,4,4,4
s,1366241,1366241,1366241,1366241,0,1352909,1325023,223731,0,0,0,1331938,929801
boum,7065,7065,7065,7065,0,2320,1034,4857,0,5547,5112,6946,2080
asu,363911,245521,220375,363911,0,347663,360281,308282,119575,43821,209884,359751,344691
syrf,6991,0,6991,6986,0,5767,6194,5,6885,84,2155,6348,6099
alaj,8670,0,8670,8670,0,8571,1196,8249,8666,5946,8540,1143,8577
fesz-unam,54,54,54,54,54,54,54,50,0,0,54,54,53
mo,4673486,4673486,4673486,4673486,0,4431052,4526060,3129413,268805,2529788,2921382,4673460,1
"universidade federal do paraná, ufpr",274,274,274,262,0,239,1,166,0,214,220,271,0
amo,1,1,1,1,0,1,1,1,0,0,1,1,1
